dataset_id,feature_strategy,model,fold,threshold,feature_count,sample_id,source_event_id,source_type,substation_id,label,y_true,y_probability,y_pred,prediction_label,event67_flag,coverage_rate
strict_no_event20,expanded154,dummy_most_frequent,1,0.6,154,normal_0014,14,normal_event,26,normal,0,0.0,0,normal,False,1.0
strict_no_event20,expanded154,dummy_most_frequent,1,0.6,154,normal_0017,17,normal_event,2,normal,0,0.0,0,normal,False,1.0
strict_no_event20,expanded154,dummy_most_frequent,1,0.6,154,normal_0018,18,normal_event,16,normal,0,0.0,0,normal,False,1.0
strict_no_event20,expanded154,dummy_most_frequent,1,0.6,154,normal_0019,19,normal_event,8,normal,0,0.0,0,normal,False,1.0
strict_no_event20,expanded154,dummy_most_frequent,1,0.6,154,normal_0030,30,normal_event,16,normal,0,0.0,0,normal,False,1.0
strict_no_event20,expanded154,dummy_most_frequent,1,0.6,154,normal_0041,41,normal_event,2,normal,0,0.0,0,normal,False,1.0
strict_no_event20,expanded154,dummy_most_frequent,1,0.6,154,normal_0043,43,normal_event,25,normal,0,0.0,0,normal,False,1.0
strict_no_event20,expanded154,dummy_most_frequent,1,0.6,154,normal_0056,56,normal_event,2,normal,0,0.0,0,normal,False,1.0
strict_no_event20,expanded154,dummy_most_frequent,1,0.6,154,strict_positive_0007,7,fault_record,26,efd_possible,1,0.0,0,normal,False,1.0
strict_no_event20,expanded154,dummy_most_frequent,1,0.6,154,strict_positive_0044,44,fault_record,8,efd_possible,1,0.0,0,normal,False,1.0
strict_no_event20,expanded154,dummy_most_frequent,1,0.6,154,strict_positive_0049,49,fault_record,18,efd_possible,1,0.0,0,normal,False,0.9970238095238096
strict_no_event20,expanded154,logistic_balanced,1,0.6,154,normal_0014,14,normal_event,26,normal,0,0.49019417662286147,0,normal,False,1.0
strict_no_event20,expanded154,logistic_balanced,1,0.6,154,normal_0017,17,normal_event,2,normal,0,0.16821023675678007,0,normal,False,1.0
strict_no_event20,expanded154,logistic_balanced,1,0.6,154,normal_0018,18,normal_event,16,normal,0,0.2462561602893523,0,normal,False,1.0
strict_no_event20,expanded154,logistic_balanced,1,0.6,154,normal_0019,19,normal_event,8,normal,0,0.9053828965955808,1,efd_possible,False,1.0
strict_no_event20,expanded154,logistic_balanced,1,0.6,154,normal_0030,30,normal_event,16,normal,0,0.011363031072319231,0,normal,False,1.0
strict_no_event20,expanded154,logistic_balanced,1,0.6,154,normal_0041,41,normal_event,2,normal,0,0.005188664950670069,0,normal,False,1.0
strict_no_event20,expanded154,logistic_balanced,1,0.6,154,normal_0043,43,normal_event,25,normal,0,0.15126033787362494,0,normal,False,1.0
strict_no_event20,expanded154,logistic_balanced,1,0.6,154,normal_0056,56,normal_event,2,normal,0,0.5202748806264744,0,normal,False,1.0
strict_no_event20,expanded154,logistic_balanced,1,0.6,154,strict_positive_0007,7,fault_record,26,efd_possible,1,0.9977433731125779,1,efd_possible,False,1.0
strict_no_event20,expanded154,logistic_balanced,1,0.6,154,strict_positive_0044,44,fault_record,8,efd_possible,1,0.7340562583013228,1,efd_possible,False,1.0
strict_no_event20,expanded154,logistic_balanced,1,0.6,154,strict_positive_0049,49,fault_record,18,efd_possible,1,0.9873643983591712,1,efd_possible,False,0.9970238095238096
strict_no_event20,locked_compact13,dummy_most_frequent,1,0.6,13,normal_0014,14,normal_event,26,normal,0,0.0,0,normal,False,1.0
strict_no_event20,locked_compact13,dummy_most_frequent,1,0.6,13,normal_0017,17,normal_event,2,normal,0,0.0,0,normal,False,1.0
strict_no_event20,locked_compact13,dummy_most_frequent,1,0.6,13,normal_0018,18,normal_event,16,normal,0,0.0,0,normal,False,1.0
strict_no_event20,locked_compact13,dummy_most_frequent,1,0.6,13,normal_0019,19,normal_event,8,normal,0,0.0,0,normal,False,1.0
strict_no_event20,locked_compact13,dummy_most_frequent,1,0.6,13,normal_0030,30,normal_event,16,normal,0,0.0,0,normal,False,1.0
strict_no_event20,locked_compact13,dummy_most_frequent,1,0.6,13,normal_0041,41,normal_event,2,normal,0,0.0,0,normal,False,1.0
strict_no_event20,locked_compact13,dummy_most_frequent,1,0.6,13,normal_0043,43,normal_event,25,normal,0,0.0,0,normal,False,1.0
strict_no_event20,locked_compact13,dummy_most_frequent,1,0.6,13,normal_0056,56,normal_event,2,normal,0,0.0,0,normal,False,1.0
strict_no_event20,locked_compact13,dummy_most_frequent,1,0.6,13,strict_positive_0007,7,fault_record,26,efd_possible,1,0.0,0,normal,False,1.0
strict_no_event20,locked_compact13,dummy_most_frequent,1,0.6,13,strict_positive_0044,44,fault_record,8,efd_possible,1,0.0,0,normal,False,1.0
strict_no_event20,locked_compact13,dummy_most_frequent,1,0.6,13,strict_positive_0049,49,fault_record,18,efd_possible,1,0.0,0,normal,False,0.9970238095238096
strict_no_event20,locked_compact13,logistic_balanced,1,0.6,13,normal_0014,14,normal_event,26,normal,0,0.5923579773257743,0,normal,False,1.0
strict_no_event20,locked_compact13,logistic_balanced,1,0.6,13,normal_0017,17,normal_event,2,normal,0,0.06439684826663161,0,normal,False,1.0
strict_no_event20,locked_compact13,logistic_balanced,1,0.6,13,normal_0018,18,normal_event,16,normal,0,0.1806420350466452,0,normal,False,1.0
strict_no_event20,locked_compact13,logistic_balanced,1,0.6,13,normal_0019,19,normal_event,8,normal,0,0.27524224156593724,0,normal,False,1.0
strict_no_event20,locked_compact13,logistic_balanced,1,0.6,13,normal_0030,30,normal_event,16,normal,0,0.005015139020035694,0,normal,False,1.0
strict_no_event20,locked_compact13,logistic_balanced,1,0.6,13,normal_0041,41,normal_event,2,normal,0,0.019801783303338476,0,normal,False,1.0
strict_no_event20,locked_compact13,logistic_balanced,1,0.6,13,normal_0043,43,normal_event,25,normal,0,0.023046781231005384,0,normal,False,1.0
strict_no_event20,locked_compact13,logistic_balanced,1,0.6,13,normal_0056,56,normal_event,2,normal,0,0.04056623971648579,0,normal,False,1.0
strict_no_event20,locked_compact13,logistic_balanced,1,0.6,13,strict_positive_0007,7,fault_record,26,efd_possible,1,0.9999630008652322,1,efd_possible,False,1.0
strict_no_event20,locked_compact13,logistic_balanced,1,0.6,13,strict_positive_0044,44,fault_record,8,efd_possible,1,0.9578468915516942,1,efd_possible,False,1.0
strict_no_event20,locked_compact13,logistic_balanced,1,0.6,13,strict_positive_0049,49,fault_record,18,efd_possible,1,0.9323106907692656,1,efd_possible,False,0.9970238095238096
strict_no_event20,fold_selected_compact13,dummy_most_frequent,1,0.6,13,normal_0014,14,normal_event,26,normal,0,0.0,0,normal,False,1.0
strict_no_event20,fold_selected_compact13,dummy_most_frequent,1,0.6,13,normal_0017,17,normal_event,2,normal,0,0.0,0,normal,False,1.0
strict_no_event20,fold_selected_compact13,dummy_most_frequent,1,0.6,13,normal_0018,18,normal_event,16,normal,0,0.0,0,normal,False,1.0
strict_no_event20,fold_selected_compact13,dummy_most_frequent,1,0.6,13,normal_0019,19,normal_event,8,normal,0,0.0,0,normal,False,1.0
strict_no_event20,fold_selected_compact13,dummy_most_frequent,1,0.6,13,normal_0030,30,normal_event,16,normal,0,0.0,0,normal,False,1.0
strict_no_event20,fold_selected_compact13,dummy_most_frequent,1,0.6,13,normal_0041,41,normal_event,2,normal,0,0.0,0,normal,False,1.0
strict_no_event20,fold_selected_compact13,dummy_most_frequent,1,0.6,13,normal_0043,43,normal_event,25,normal,0,0.0,0,normal,False,1.0
strict_no_event20,fold_selected_compact13,dummy_most_frequent,1,0.6,13,normal_0056,56,normal_event,2,normal,0,0.0,0,normal,False,1.0
strict_no_event20,fold_selected_compact13,dummy_most_frequent,1,0.6,13,strict_positive_0007,7,fault_record,26,efd_possible,1,0.0,0,normal,False,1.0
strict_no_event20,fold_selected_compact13,dummy_most_frequent,1,0.6,13,strict_positive_0044,44,fault_record,8,efd_possible,1,0.0,0,normal,False,1.0
strict_no_event20,fold_selected_compact13,dummy_most_frequent,1,0.6,13,strict_positive_0049,49,fault_record,18,efd_possible,1,0.0,0,normal,False,0.9970238095238096
strict_no_event20,fold_selected_compact13,logistic_balanced,1,0.6,13,normal_0014,14,normal_event,26,normal,0,0.31319955112569015,0,normal,False,1.0
strict_no_event20,fold_selected_compact13,logistic_balanced,1,0.6,13,normal_0017,17,normal_event,2,normal,0,0.12796765667118523,0,normal,False,1.0
strict_no_event20,fold_selected_compact13,logistic_balanced,1,0.6,13,normal_0018,18,normal_event,16,normal,0,0.4007185454486115,0,normal,False,1.0
strict_no_event20,fold_selected_compact13,logistic_balanced,1,0.6,13,normal_0019,19,normal_event,8,normal,0,0.8767152790655133,1,efd_possible,False,1.0
strict_no_event20,fold_selected_compact13,logistic_balanced,1,0.6,13,normal_0030,30,normal_event,16,normal,0,0.04284816715383706,0,normal,False,1.0
strict_no_event20,fold_selected_compact13,logistic_balanced,1,0.6,13,normal_0041,41,normal_event,2,normal,0,0.041216054210439675,0,normal,False,1.0
strict_no_event20,fold_selected_compact13,logistic_balanced,1,0.6,13,normal_0043,43,normal_event,25,normal,0,0.024315904948437272,0,normal,False,1.0
strict_no_event20,fold_selected_compact13,logistic_balanced,1,0.6,13,normal_0056,56,normal_event,2,normal,0,0.18427943081877682,0,normal,False,1.0
strict_no_event20,fold_selected_compact13,logistic_balanced,1,0.6,13,strict_positive_0007,7,fault_record,26,efd_possible,1,0.9990160904045967,1,efd_possible,False,1.0
strict_no_event20,fold_selected_compact13,logistic_balanced,1,0.6,13,strict_positive_0044,44,fault_record,8,efd_possible,1,0.6967607850488982,1,efd_possible,False,1.0
strict_no_event20,fold_selected_compact13,logistic_balanced,1,0.6,13,strict_positive_0049,49,fault_record,18,efd_possible,1,0.6466863916474067,1,efd_possible,False,0.9970238095238096
strict_no_event20,expanded154,dummy_most_frequent,2,0.6,154,normal_0002,2,normal_event,9,normal,0,0.0,0,normal,False,1.0
strict_no_event20,expanded154,dummy_most_frequent,2,0.6,154,normal_0012,12,normal_event,19,normal,0,0.0,0,normal,False,1.0
strict_no_event20,expanded154,dummy_most_frequent,2,0.6,154,normal_0028,28,normal_event,7,normal,0,0.0,0,normal,False,1.0
strict_no_event20,expanded154,dummy_most_frequent,2,0.6,154,normal_0042,42,normal_event,22,normal,0,0.0,0,normal,False,1.0
strict_no_event20,expanded154,dummy_most_frequent,2,0.6,154,normal_0054,54,normal_event,22,normal,0,0.0,0,normal,False,1.0
strict_no_event20,expanded154,dummy_most_frequent,2,0.6,154,normal_0059,59,normal_event,22,normal,0,0.0,0,normal,False,1.0
strict_no_event20,expanded154,dummy_most_frequent,2,0.6,154,normal_0061,61,normal_event,14,normal,0,0.0,0,normal,False,1.0
strict_no_event20,expanded154,dummy_most_frequent,2,0.6,154,normal_0066,66,normal_event,19,normal,0,0.0,0,normal,False,1.0
strict_no_event20,expanded154,dummy_most_frequent,2,0.6,154,strict_positive_0052,52,fault_record,21,efd_possible,1,0.0,0,normal,False,1.0
strict_no_event20,expanded154,dummy_most_frequent,2,0.6,154,strict_positive_0057,57,fault_record,9,efd_possible,1,0.0,0,normal,False,1.0
strict_no_event20,expanded154,dummy_most_frequent,2,0.6,154,strict_positive_0067,67,fault_record,7,efd_possible,1,0.0,0,normal,True,1.0
strict_no_event20,expanded154,logistic_balanced,2,0.6,154,normal_0002,2,normal_event,9,normal,0,0.06857249971638937,0,normal,False,1.0
strict_no_event20,expanded154,logistic_balanced,2,0.6,154,normal_0012,12,normal_event,19,normal,0,0.00011206322884915248,0,normal,False,1.0
strict_no_event20,expanded154,logistic_balanced,2,0.6,154,normal_0028,28,normal_event,7,normal,0,0.19996277765452053,0,normal,False,1.0
strict_no_event20,expanded154,logistic_balanced,2,0.6,154,normal_0042,42,normal_event,22,normal,0,0.40588587206029497,0,normal,False,1.0
strict_no_event20,expanded154,logistic_balanced,2,0.6,154,normal_0054,54,normal_event,22,normal,0,0.549872662068242,0,normal,False,1.0
strict_no_event20,expanded154,logistic_balanced,2,0.6,154,normal_0059,59,normal_event,22,normal,0,0.22845074422849718,0,normal,False,1.0
strict_no_event20,expanded154,logistic_balanced,2,0.6,154,normal_0061,61,normal_event,14,normal,0,0.1530004312232783,0,normal,False,1.0
strict_no_event20,expanded154,logistic_balanced,2,0.6,154,normal_0066,66,normal_event,19,normal,0,2.9414490427016146e-05,0,normal,False,1.0
strict_no_event20,expanded154,logistic_balanced,2,0.6,154,strict_positive_0052,52,fault_record,21,efd_possible,1,0.00845541495063767,0,normal,False,1.0
strict_no_event20,expanded154,logistic_balanced,2,0.6,154,strict_positive_0057,57,fault_record,9,efd_possible,1,0.6947385983114696,1,efd_possible,False,1.0
strict_no_event20,expanded154,logistic_balanced,2,0.6,154,strict_positive_0067,67,fault_record,7,efd_possible,1,0.051456646678833345,0,normal,True,1.0
strict_no_event20,locked_compact13,dummy_most_frequent,2,0.6,13,normal_0002,2,normal_event,9,normal,0,0.0,0,normal,False,1.0
strict_no_event20,locked_compact13,dummy_most_frequent,2,0.6,13,normal_0012,12,normal_event,19,normal,0,0.0,0,normal,False,1.0
strict_no_event20,locked_compact13,dummy_most_frequent,2,0.6,13,normal_0028,28,normal_event,7,normal,0,0.0,0,normal,False,1.0
strict_no_event20,locked_compact13,dummy_most_frequent,2,0.6,13,normal_0042,42,normal_event,22,normal,0,0.0,0,normal,False,1.0
strict_no_event20,locked_compact13,dummy_most_frequent,2,0.6,13,normal_0054,54,normal_event,22,normal,0,0.0,0,normal,False,1.0
strict_no_event20,locked_compact13,dummy_most_frequent,2,0.6,13,normal_0059,59,normal_event,22,normal,0,0.0,0,normal,False,1.0
strict_no_event20,locked_compact13,dummy_most_frequent,2,0.6,13,normal_0061,61,normal_event,14,normal,0,0.0,0,normal,False,1.0
strict_no_event20,locked_compact13,dummy_most_frequent,2,0.6,13,normal_0066,66,normal_event,19,normal,0,0.0,0,normal,False,1.0
strict_no_event20,locked_compact13,dummy_most_frequent,2,0.6,13,strict_positive_0052,52,fault_record,21,efd_possible,1,0.0,0,normal,False,1.0
strict_no_event20,locked_compact13,dummy_most_frequent,2,0.6,13,strict_positive_0057,57,fault_record,9,efd_possible,1,0.0,0,normal,False,1.0
strict_no_event20,locked_compact13,dummy_most_frequent,2,0.6,13,strict_positive_0067,67,fault_record,7,efd_possible,1,0.0,0,normal,True,1.0
strict_no_event20,locked_compact13,logistic_balanced,2,0.6,13,normal_0002,2,normal_event,9,normal,0,0.3101967365215167,0,normal,False,1.0
strict_no_event20,locked_compact13,logistic_balanced,2,0.6,13,normal_0012,12,normal_event,19,normal,0,0.04231643650690454,0,normal,False,1.0
strict_no_event20,locked_compact13,logistic_balanced,2,0.6,13,normal_0028,28,normal_event,7,normal,0,0.3980824242220319,0,normal,False,1.0
strict_no_event20,locked_compact13,logistic_balanced,2,0.6,13,normal_0042,42,normal_event,22,normal,0,0.018037700207149253,0,normal,False,1.0
strict_no_event20,locked_compact13,logistic_balanced,2,0.6,13,normal_0054,54,normal_event,22,normal,0,0.09473156130599188,0,normal,False,1.0
strict_no_event20,locked_compact13,logistic_balanced,2,0.6,13,normal_0059,59,normal_event,22,normal,0,0.23219026220006367,0,normal,False,1.0
strict_no_event20,locked_compact13,logistic_balanced,2,0.6,13,normal_0061,61,normal_event,14,normal,0,0.07475658653672933,0,normal,False,1.0
strict_no_event20,locked_compact13,logistic_balanced,2,0.6,13,normal_0066,66,normal_event,19,normal,0,0.016061716136313475,0,normal,False,1.0
strict_no_event20,locked_compact13,logistic_balanced,2,0.6,13,strict_positive_0052,52,fault_record,21,efd_possible,1,0.2652240436360162,0,normal,False,1.0
strict_no_event20,locked_compact13,logistic_balanced,2,0.6,13,strict_positive_0057,57,fault_record,9,efd_possible,1,0.9639853182665012,1,efd_possible,False,1.0
strict_no_event20,locked_compact13,logistic_balanced,2,0.6,13,strict_positive_0067,67,fault_record,7,efd_possible,1,0.2985911355325486,0,normal,True,1.0
strict_no_event20,fold_selected_compact13,dummy_most_frequent,2,0.6,13,normal_0002,2,normal_event,9,normal,0,0.0,0,normal,False,1.0
strict_no_event20,fold_selected_compact13,dummy_most_frequent,2,0.6,13,normal_0012,12,normal_event,19,normal,0,0.0,0,normal,False,1.0
strict_no_event20,fold_selected_compact13,dummy_most_frequent,2,0.6,13,normal_0028,28,normal_event,7,normal,0,0.0,0,normal,False,1.0
strict_no_event20,fold_selected_compact13,dummy_most_frequent,2,0.6,13,normal_0042,42,normal_event,22,normal,0,0.0,0,normal,False,1.0
strict_no_event20,fold_selected_compact13,dummy_most_frequent,2,0.6,13,normal_0054,54,normal_event,22,normal,0,0.0,0,normal,False,1.0
strict_no_event20,fold_selected_compact13,dummy_most_frequent,2,0.6,13,normal_0059,59,normal_event,22,normal,0,0.0,0,normal,False,1.0
strict_no_event20,fold_selected_compact13,dummy_most_frequent,2,0.6,13,normal_0061,61,normal_event,14,normal,0,0.0,0,normal,False,1.0
strict_no_event20,fold_selected_compact13,dummy_most_frequent,2,0.6,13,normal_0066,66,normal_event,19,normal,0,0.0,0,normal,False,1.0
strict_no_event20,fold_selected_compact13,dummy_most_frequent,2,0.6,13,strict_positive_0052,52,fault_record,21,efd_possible,1,0.0,0,normal,False,1.0
strict_no_event20,fold_selected_compact13,dummy_most_frequent,2,0.6,13,strict_positive_0057,57,fault_record,9,efd_possible,1,0.0,0,normal,False,1.0
strict_no_event20,fold_selected_compact13,dummy_most_frequent,2,0.6,13,strict_positive_0067,67,fault_record,7,efd_possible,1,0.0,0,normal,True,1.0
strict_no_event20,fold_selected_compact13,logistic_balanced,2,0.6,13,normal_0002,2,normal_event,9,normal,0,0.07834348037290843,0,normal,False,1.0
strict_no_event20,fold_selected_compact13,logistic_balanced,2,0.6,13,normal_0012,12,normal_event,19,normal,0,0.0023956104296771405,0,normal,False,1.0
strict_no_event20,fold_selected_compact13,logistic_balanced,2,0.6,13,normal_0028,28,normal_event,7,normal,0,0.533074704654068,0,normal,False,1.0
strict_no_event20,fold_selected_compact13,logistic_balanced,2,0.6,13,normal_0042,42,normal_event,22,normal,0,0.2536859338361872,0,normal,False,1.0
strict_no_event20,fold_selected_compact13,logistic_balanced,2,0.6,13,normal_0054,54,normal_event,22,normal,0,0.34332558275667235,0,normal,False,1.0
strict_no_event20,fold_selected_compact13,logistic_balanced,2,0.6,13,normal_0059,59,normal_event,22,normal,0,0.2035303423306191,0,normal,False,1.0
strict_no_event20,fold_selected_compact13,logistic_balanced,2,0.6,13,normal_0061,61,normal_event,14,normal,0,0.17960466871713116,0,normal,False,1.0
strict_no_event20,fold_selected_compact13,logistic_balanced,2,0.6,13,normal_0066,66,normal_event,19,normal,0,0.009172264394186917,0,normal,False,1.0
strict_no_event20,fold_selected_compact13,logistic_balanced,2,0.6,13,strict_positive_0052,52,fault_record,21,efd_possible,1,0.041017753260306156,0,normal,False,1.0
strict_no_event20,fold_selected_compact13,logistic_balanced,2,0.6,13,strict_positive_0057,57,fault_record,9,efd_possible,1,0.6435223267170813,1,efd_possible,False,1.0
strict_no_event20,fold_selected_compact13,logistic_balanced,2,0.6,13,strict_positive_0067,67,fault_record,7,efd_possible,1,0.20183472112922127,0,normal,True,1.0
strict_no_event20,expanded154,dummy_most_frequent,3,0.6,154,normal_0004,4,normal_event,15,normal,0,0.0,0,normal,False,1.0
strict_no_event20,expanded154,dummy_most_frequent,3,0.6,154,normal_0025,25,normal_event,20,normal,0,0.0,0,normal,False,1.0
strict_no_event20,expanded154,dummy_most_frequent,3,0.6,154,normal_0035,35,normal_event,11,normal,0,0.0,0,normal,False,1.0
strict_no_event20,expanded154,dummy_most_frequent,3,0.6,154,normal_0039,39,normal_event,15,normal,0,0.0,0,normal,False,1.0
strict_no_event20,expanded154,dummy_most_frequent,3,0.6,154,normal_0048,48,normal_event,11,normal,0,0.0,0,normal,False,1.0
strict_no_event20,expanded154,dummy_most_frequent,3,0.6,154,normal_0051,51,normal_event,20,normal,0,0.0,0,normal,False,1.0
strict_no_event20,expanded154,dummy_most_frequent,3,0.6,154,normal_0068,68,normal_event,13,normal,0,0.0,0,normal,False,1.0
strict_no_event20,expanded154,dummy_most_frequent,3,0.6,154,strict_positive_0001,1,fault_record,10,efd_possible,1,0.0,0,normal,False,1.0
strict_no_event20,expanded154,dummy_most_frequent,3,0.6,154,strict_positive_0053,53,fault_record,13,efd_possible,1,0.0,0,normal,False,1.0
strict_no_event20,expanded154,logistic_balanced,3,0.6,154,normal_0004,4,normal_event,15,normal,0,0.0535961155970537,0,normal,False,1.0
strict_no_event20,expanded154,logistic_balanced,3,0.6,154,normal_0025,25,normal_event,20,normal,0,0.039668937702526684,0,normal,False,1.0
strict_no_event20,expanded154,logistic_balanced,3,0.6,154,normal_0035,35,normal_event,11,normal,0,0.5252272717195121,0,normal,False,1.0
strict_no_event20,expanded154,logistic_balanced,3,0.6,154,normal_0039,39,normal_event,15,normal,0,0.8941223241114421,1,efd_possible,False,1.0
strict_no_event20,expanded154,logistic_balanced,3,0.6,154,normal_0048,48,normal_event,11,normal,0,0.7583688852054297,1,efd_possible,False,1.0
strict_no_event20,expanded154,logistic_balanced,3,0.6,154,normal_0051,51,normal_event,20,normal,0,0.02983533983345603,0,normal,False,1.0
strict_no_event20,expanded154,logistic_balanced,3,0.6,154,normal_0068,68,normal_event,13,normal,0,0.9292889110392974,1,efd_possible,False,1.0
strict_no_event20,expanded154,logistic_balanced,3,0.6,154,strict_positive_0001,1,fault_record,10,efd_possible,1,0.9999909248347324,1,efd_possible,False,1.0
strict_no_event20,expanded154,logistic_balanced,3,0.6,154,strict_positive_0053,53,fault_record,13,efd_possible,1,0.252050940187433,0,normal,False,1.0
strict_no_event20,locked_compact13,dummy_most_frequent,3,0.6,13,normal_0004,4,normal_event,15,normal,0,0.0,0,normal,False,1.0
strict_no_event20,locked_compact13,dummy_most_frequent,3,0.6,13,normal_0025,25,normal_event,20,normal,0,0.0,0,normal,False,1.0
strict_no_event20,locked_compact13,dummy_most_frequent,3,0.6,13,normal_0035,35,normal_event,11,normal,0,0.0,0,normal,False,1.0
strict_no_event20,locked_compact13,dummy_most_frequent,3,0.6,13,normal_0039,39,normal_event,15,normal,0,0.0,0,normal,False,1.0
strict_no_event20,locked_compact13,dummy_most_frequent,3,0.6,13,normal_0048,48,normal_event,11,normal,0,0.0,0,normal,False,1.0
strict_no_event20,locked_compact13,dummy_most_frequent,3,0.6,13,normal_0051,51,normal_event,20,normal,0,0.0,0,normal,False,1.0
strict_no_event20,locked_compact13,dummy_most_frequent,3,0.6,13,normal_0068,68,normal_event,13,normal,0,0.0,0,normal,False,1.0
strict_no_event20,locked_compact13,dummy_most_frequent,3,0.6,13,strict_positive_0001,1,fault_record,10,efd_possible,1,0.0,0,normal,False,1.0
strict_no_event20,locked_compact13,dummy_most_frequent,3,0.6,13,strict_positive_0053,53,fault_record,13,efd_possible,1,0.0,0,normal,False,1.0
strict_no_event20,locked_compact13,logistic_balanced,3,0.6,13,normal_0004,4,normal_event,15,normal,0,0.017141462969493343,0,normal,False,1.0
strict_no_event20,locked_compact13,logistic_balanced,3,0.6,13,normal_0025,25,normal_event,20,normal,0,0.07337940444139188,0,normal,False,1.0
strict_no_event20,locked_compact13,logistic_balanced,3,0.6,13,normal_0035,35,normal_event,11,normal,0,0.4407318215863769,0,normal,False,1.0
strict_no_event20,locked_compact13,logistic_balanced,3,0.6,13,normal_0039,39,normal_event,15,normal,0,0.0929485446436388,0,normal,False,1.0
strict_no_event20,locked_compact13,logistic_balanced,3,0.6,13,normal_0048,48,normal_event,11,normal,0,0.0500759773533634,0,normal,False,1.0
strict_no_event20,locked_compact13,logistic_balanced,3,0.6,13,normal_0051,51,normal_event,20,normal,0,0.05079458736553382,0,normal,False,1.0
strict_no_event20,locked_compact13,logistic_balanced,3,0.6,13,normal_0068,68,normal_event,13,normal,0,0.6884342147771397,1,efd_possible,False,1.0
strict_no_event20,locked_compact13,logistic_balanced,3,0.6,13,strict_positive_0001,1,fault_record,10,efd_possible,1,0.9994829375851408,1,efd_possible,False,1.0
strict_no_event20,locked_compact13,logistic_balanced,3,0.6,13,strict_positive_0053,53,fault_record,13,efd_possible,1,0.7586823163872622,1,efd_possible,False,1.0
strict_no_event20,fold_selected_compact13,dummy_most_frequent,3,0.6,13,normal_0004,4,normal_event,15,normal,0,0.0,0,normal,False,1.0
strict_no_event20,fold_selected_compact13,dummy_most_frequent,3,0.6,13,normal_0025,25,normal_event,20,normal,0,0.0,0,normal,False,1.0
strict_no_event20,fold_selected_compact13,dummy_most_frequent,3,0.6,13,normal_0035,35,normal_event,11,normal,0,0.0,0,normal,False,1.0
strict_no_event20,fold_selected_compact13,dummy_most_frequent,3,0.6,13,normal_0039,39,normal_event,15,normal,0,0.0,0,normal,False,1.0
strict_no_event20,fold_selected_compact13,dummy_most_frequent,3,0.6,13,normal_0048,48,normal_event,11,normal,0,0.0,0,normal,False,1.0
strict_no_event20,fold_selected_compact13,dummy_most_frequent,3,0.6,13,normal_0051,51,normal_event,20,normal,0,0.0,0,normal,False,1.0
strict_no_event20,fold_selected_compact13,dummy_most_frequent,3,0.6,13,normal_0068,68,normal_event,13,normal,0,0.0,0,normal,False,1.0
strict_no_event20,fold_selected_compact13,dummy_most_frequent,3,0.6,13,strict_positive_0001,1,fault_record,10,efd_possible,1,0.0,0,normal,False,1.0
strict_no_event20,fold_selected_compact13,dummy_most_frequent,3,0.6,13,strict_positive_0053,53,fault_record,13,efd_possible,1,0.0,0,normal,False,1.0
strict_no_event20,fold_selected_compact13,logistic_balanced,3,0.6,13,normal_0004,4,normal_event,15,normal,0,0.06816045904022922,0,normal,False,1.0
strict_no_event20,fold_selected_compact13,logistic_balanced,3,0.6,13,normal_0025,25,normal_event,20,normal,0,0.0644692213123864,0,normal,False,1.0
strict_no_event20,fold_selected_compact13,logistic_balanced,3,0.6,13,normal_0035,35,normal_event,11,normal,0,0.9974976379919553,1,efd_possible,False,1.0
strict_no_event20,fold_selected_compact13,logistic_balanced,3,0.6,13,normal_0039,39,normal_event,15,normal,0,0.8751128667776846,1,efd_possible,False,1.0
strict_no_event20,fold_selected_compact13,logistic_balanced,3,0.6,13,normal_0048,48,normal_event,11,normal,0,0.7753160102858753,1,efd_possible,False,1.0
strict_no_event20,fold_selected_compact13,logistic_balanced,3,0.6,13,normal_0051,51,normal_event,20,normal,0,0.010657183314997305,0,normal,False,1.0
strict_no_event20,fold_selected_compact13,logistic_balanced,3,0.6,13,normal_0068,68,normal_event,13,normal,0,0.4968786686963361,0,normal,False,1.0
strict_no_event20,fold_selected_compact13,logistic_balanced,3,0.6,13,strict_positive_0001,1,fault_record,10,efd_possible,1,0.9997967111216599,1,efd_possible,False,1.0
strict_no_event20,fold_selected_compact13,logistic_balanced,3,0.6,13,strict_positive_0053,53,fault_record,13,efd_possible,1,0.8597601961265025,1,efd_possible,False,1.0
strict_no_event20,expanded154,dummy_most_frequent,4,0.6,154,normal_0016,16,normal_event,17,normal,0,0.0,0,normal,False,1.0
strict_no_event20,expanded154,dummy_most_frequent,4,0.6,154,normal_0021,21,normal_event,1,normal,0,0.0,0,normal,False,1.0
strict_no_event20,expanded154,dummy_most_frequent,4,0.6,154,normal_0022,22,normal_event,5,normal,0,0.0,0,normal,False,1.0
strict_no_event20,expanded154,dummy_most_frequent,4,0.6,154,normal_0027,27,normal_event,12,normal,0,0.0,0,normal,False,1.0
strict_no_event20,expanded154,dummy_most_frequent,4,0.6,154,normal_0050,50,normal_event,17,normal,0,0.0,0,normal,False,1.0
strict_no_event20,expanded154,dummy_most_frequent,4,0.6,154,normal_0058,58,normal_event,5,normal,0,0.0,0,normal,False,1.0
strict_no_event20,expanded154,dummy_most_frequent,4,0.6,154,strict_positive_0003,3,fault_record,12,efd_possible,1,0.0,0,normal,False,1.0
strict_no_event20,expanded154,dummy_most_frequent,4,0.6,154,strict_positive_0015,15,fault_record,29,efd_possible,1,0.0,0,normal,False,1.0
strict_no_event20,expanded154,dummy_most_frequent,4,0.6,154,strict_positive_0040,40,fault_record,24,efd_possible,1,0.0,0,normal,False,0.9950396825396826
strict_no_event20,expanded154,logistic_balanced,4,0.6,154,normal_0016,16,normal_event,17,normal,0,1.9097253043808858e-07,0,normal,False,1.0
strict_no_event20,expanded154,logistic_balanced,4,0.6,154,normal_0021,21,normal_event,1,normal,0,0.699078434426651,1,efd_possible,False,1.0
strict_no_event20,expanded154,logistic_balanced,4,0.6,154,normal_0022,22,normal_event,5,normal,0,0.005031363181029907,0,normal,False,1.0
strict_no_event20,expanded154,logistic_balanced,4,0.6,154,normal_0027,27,normal_event,12,normal,0,0.1940861573795014,0,normal,False,1.0
strict_no_event20,expanded154,logistic_balanced,4,0.6,154,normal_0050,50,normal_event,17,normal,0,0.0015475053697500078,0,normal,False,1.0
strict_no_event20,expanded154,logistic_balanced,4,0.6,154,normal_0058,58,normal_event,5,normal,0,0.2034202188065868,0,normal,False,1.0
strict_no_event20,expanded154,logistic_balanced,4,0.6,154,strict_positive_0003,3,fault_record,12,efd_possible,1,0.004763966207732922,0,normal,False,1.0
strict_no_event20,expanded154,logistic_balanced,4,0.6,154,strict_positive_0015,15,fault_record,29,efd_possible,1,0.26478257995244653,0,normal,False,1.0
strict_no_event20,expanded154,logistic_balanced,4,0.6,154,strict_positive_0040,40,fault_record,24,efd_possible,1,0.011252046378912122,0,normal,False,0.9950396825396826
strict_no_event20,locked_compact13,dummy_most_frequent,4,0.6,13,normal_0016,16,normal_event,17,normal,0,0.0,0,normal,False,1.0
strict_no_event20,locked_compact13,dummy_most_frequent,4,0.6,13,normal_0021,21,normal_event,1,normal,0,0.0,0,normal,False,1.0
strict_no_event20,locked_compact13,dummy_most_frequent,4,0.6,13,normal_0022,22,normal_event,5,normal,0,0.0,0,normal,False,1.0
strict_no_event20,locked_compact13,dummy_most_frequent,4,0.6,13,normal_0027,27,normal_event,12,normal,0,0.0,0,normal,False,1.0
strict_no_event20,locked_compact13,dummy_most_frequent,4,0.6,13,normal_0050,50,normal_event,17,normal,0,0.0,0,normal,False,1.0
strict_no_event20,locked_compact13,dummy_most_frequent,4,0.6,13,normal_0058,58,normal_event,5,normal,0,0.0,0,normal,False,1.0
strict_no_event20,locked_compact13,dummy_most_frequent,4,0.6,13,strict_positive_0003,3,fault_record,12,efd_possible,1,0.0,0,normal,False,1.0
strict_no_event20,locked_compact13,dummy_most_frequent,4,0.6,13,strict_positive_0015,15,fault_record,29,efd_possible,1,0.0,0,normal,False,1.0
strict_no_event20,locked_compact13,dummy_most_frequent,4,0.6,13,strict_positive_0040,40,fault_record,24,efd_possible,1,0.0,0,normal,False,0.9950396825396826
strict_no_event20,locked_compact13,logistic_balanced,4,0.6,13,normal_0016,16,normal_event,17,normal,0,0.0636307989937201,0,normal,False,1.0
strict_no_event20,locked_compact13,logistic_balanced,4,0.6,13,normal_0021,21,normal_event,1,normal,0,0.12361518385288793,0,normal,False,1.0
strict_no_event20,locked_compact13,logistic_balanced,4,0.6,13,normal_0022,22,normal_event,5,normal,0,0.12650317397316518,0,normal,False,1.0
strict_no_event20,locked_compact13,logistic_balanced,4,0.6,13,normal_0027,27,normal_event,12,normal,0,0.6036219314249135,1,efd_possible,False,1.0
strict_no_event20,locked_compact13,logistic_balanced,4,0.6,13,normal_0050,50,normal_event,17,normal,0,0.02225085696561273,0,normal,False,1.0
strict_no_event20,locked_compact13,logistic_balanced,4,0.6,13,normal_0058,58,normal_event,5,normal,0,0.11165328557153628,0,normal,False,1.0
strict_no_event20,locked_compact13,logistic_balanced,4,0.6,13,strict_positive_0003,3,fault_record,12,efd_possible,1,0.8684795340867602,1,efd_possible,False,1.0
strict_no_event20,locked_compact13,logistic_balanced,4,0.6,13,strict_positive_0015,15,fault_record,29,efd_possible,1,0.20733854639550178,0,normal,False,1.0
strict_no_event20,locked_compact13,logistic_balanced,4,0.6,13,strict_positive_0040,40,fault_record,24,efd_possible,1,0.08186565561156385,0,normal,False,0.9950396825396826
strict_no_event20,fold_selected_compact13,dummy_most_frequent,4,0.6,13,normal_0016,16,normal_event,17,normal,0,0.0,0,normal,False,1.0
strict_no_event20,fold_selected_compact13,dummy_most_frequent,4,0.6,13,normal_0021,21,normal_event,1,normal,0,0.0,0,normal,False,1.0
strict_no_event20,fold_selected_compact13,dummy_most_frequent,4,0.6,13,normal_0022,22,normal_event,5,normal,0,0.0,0,normal,False,1.0
strict_no_event20,fold_selected_compact13,dummy_most_frequent,4,0.6,13,normal_0027,27,normal_event,12,normal,0,0.0,0,normal,False,1.0
strict_no_event20,fold_selected_compact13,dummy_most_frequent,4,0.6,13,normal_0050,50,normal_event,17,normal,0,0.0,0,normal,False,1.0
strict_no_event20,fold_selected_compact13,dummy_most_frequent,4,0.6,13,normal_0058,58,normal_event,5,normal,0,0.0,0,normal,False,1.0
strict_no_event20,fold_selected_compact13,dummy_most_frequent,4,0.6,13,strict_positive_0003,3,fault_record,12,efd_possible,1,0.0,0,normal,False,1.0
strict_no_event20,fold_selected_compact13,dummy_most_frequent,4,0.6,13,strict_positive_0015,15,fault_record,29,efd_possible,1,0.0,0,normal,False,1.0
strict_no_event20,fold_selected_compact13,dummy_most_frequent,4,0.6,13,strict_positive_0040,40,fault_record,24,efd_possible,1,0.0,0,normal,False,0.9950396825396826
strict_no_event20,fold_selected_compact13,logistic_balanced,4,0.6,13,normal_0016,16,normal_event,17,normal,0,0.010314633076385565,0,normal,False,1.0
strict_no_event20,fold_selected_compact13,logistic_balanced,4,0.6,13,normal_0021,21,normal_event,1,normal,0,0.3186910186015656,0,normal,False,1.0
strict_no_event20,fold_selected_compact13,logistic_balanced,4,0.6,13,normal_0022,22,normal_event,5,normal,0,0.05121525183340515,0,normal,False,1.0
strict_no_event20,fold_selected_compact13,logistic_balanced,4,0.6,13,normal_0027,27,normal_event,12,normal,0,0.45830353132797524,0,normal,False,1.0
strict_no_event20,fold_selected_compact13,logistic_balanced,4,0.6,13,normal_0050,50,normal_event,17,normal,0,0.001975823837784987,0,normal,False,1.0
strict_no_event20,fold_selected_compact13,logistic_balanced,4,0.6,13,normal_0058,58,normal_event,5,normal,0,0.09288266757552391,0,normal,False,1.0
strict_no_event20,fold_selected_compact13,logistic_balanced,4,0.6,13,strict_positive_0003,3,fault_record,12,efd_possible,1,0.31301149204443807,0,normal,False,1.0
strict_no_event20,fold_selected_compact13,logistic_balanced,4,0.6,13,strict_positive_0015,15,fault_record,29,efd_possible,1,0.027966965271239427,0,normal,False,1.0
strict_no_event20,fold_selected_compact13,logistic_balanced,4,0.6,13,strict_positive_0040,40,fault_record,24,efd_possible,1,0.0019617411970339056,0,normal,False,0.9950396825396826
strict_no_event20,expanded154,dummy_most_frequent,5,0.6,154,normal_0008,8,normal_event,6,normal,0,0.0,0,normal,False,1.0
strict_no_event20,expanded154,dummy_most_frequent,5,0.6,154,normal_0026,26,normal_event,4,normal,0,0.0,0,normal,False,1.0
strict_no_event20,expanded154,dummy_most_frequent,5,0.6,154,normal_0031,31,normal_event,3,normal,0,0.0,0,normal,False,1.0
strict_no_event20,expanded154,dummy_most_frequent,5,0.6,154,normal_0033,33,normal_event,3,normal,0,0.0,0,normal,False,1.0
strict_no_event20,expanded154,dummy_most_frequent,5,0.6,154,normal_0046,46,normal_event,4,normal,0,0.0,0,normal,False,1.0
strict_no_event20,expanded154,dummy_most_frequent,5,0.6,154,normal_0055,55,normal_event,23,normal,0,0.0,0,normal,False,1.0
strict_no_event20,expanded154,dummy_most_frequent,5,0.6,154,strict_positive_0010,10,fault_record,30,efd_possible,1,0.0,0,normal,False,1.0
strict_no_event20,expanded154,dummy_most_frequent,5,0.6,154,strict_positive_0047,47,fault_record,28,efd_possible,1,0.0,0,normal,False,1.0
strict_no_event20,expanded154,dummy_most_frequent,5,0.6,154,strict_positive_0064,64,fault_record,6,efd_possible,1,0.0,0,normal,False,1.0
strict_no_event20,expanded154,logistic_balanced,5,0.6,154,normal_0008,8,normal_event,6,normal,0,0.9725704023042334,1,efd_possible,False,1.0
strict_no_event20,expanded154,logistic_balanced,5,0.6,154,normal_0026,26,normal_event,4,normal,0,0.001462805635024414,0,normal,False,1.0
strict_no_event20,expanded154,logistic_balanced,5,0.6,154,normal_0031,31,normal_event,3,normal,0,0.10783776841757901,0,normal,False,1.0
strict_no_event20,expanded154,logistic_balanced,5,0.6,154,normal_0033,33,normal_event,3,normal,0,0.8327088193682776,1,efd_possible,False,1.0
strict_no_event20,expanded154,logistic_balanced,5,0.6,154,normal_0046,46,normal_event,4,normal,0,0.018009666995918827,0,normal,False,1.0
strict_no_event20,expanded154,logistic_balanced,5,0.6,154,normal_0055,55,normal_event,23,normal,0,0.583666113643416,0,normal,False,1.0
strict_no_event20,expanded154,logistic_balanced,5,0.6,154,strict_positive_0010,10,fault_record,30,efd_possible,1,0.9999969808612942,1,efd_possible,False,1.0
strict_no_event20,expanded154,logistic_balanced,5,0.6,154,strict_positive_0047,47,fault_record,28,efd_possible,1,0.9997856908724848,1,efd_possible,False,1.0
strict_no_event20,expanded154,logistic_balanced,5,0.6,154,strict_positive_0064,64,fault_record,6,efd_possible,1,0.5414644741821476,0,normal,False,1.0
strict_no_event20,locked_compact13,dummy_most_frequent,5,0.6,13,normal_0008,8,normal_event,6,normal,0,0.0,0,normal,False,1.0
strict_no_event20,locked_compact13,dummy_most_frequent,5,0.6,13,normal_0026,26,normal_event,4,normal,0,0.0,0,normal,False,1.0
strict_no_event20,locked_compact13,dummy_most_frequent,5,0.6,13,normal_0031,31,normal_event,3,normal,0,0.0,0,normal,False,1.0
strict_no_event20,locked_compact13,dummy_most_frequent,5,0.6,13,normal_0033,33,normal_event,3,normal,0,0.0,0,normal,False,1.0
strict_no_event20,locked_compact13,dummy_most_frequent,5,0.6,13,normal_0046,46,normal_event,4,normal,0,0.0,0,normal,False,1.0
strict_no_event20,locked_compact13,dummy_most_frequent,5,0.6,13,normal_0055,55,normal_event,23,normal,0,0.0,0,normal,False,1.0
strict_no_event20,locked_compact13,dummy_most_frequent,5,0.6,13,strict_positive_0010,10,fault_record,30,efd_possible,1,0.0,0,normal,False,1.0
strict_no_event20,locked_compact13,dummy_most_frequent,5,0.6,13,strict_positive_0047,47,fault_record,28,efd_possible,1,0.0,0,normal,False,1.0
strict_no_event20,locked_compact13,dummy_most_frequent,5,0.6,13,strict_positive_0064,64,fault_record,6,efd_possible,1,0.0,0,normal,False,1.0
strict_no_event20,locked_compact13,logistic_balanced,5,0.6,13,normal_0008,8,normal_event,6,normal,0,0.0802111800858911,0,normal,False,1.0
strict_no_event20,locked_compact13,logistic_balanced,5,0.6,13,normal_0026,26,normal_event,4,normal,0,0.09021895924848017,0,normal,False,1.0
strict_no_event20,locked_compact13,logistic_balanced,5,0.6,13,normal_0031,31,normal_event,3,normal,0,0.04252698036703697,0,normal,False,1.0
strict_no_event20,locked_compact13,logistic_balanced,5,0.6,13,normal_0033,33,normal_event,3,normal,0,0.5148174091215488,0,normal,False,1.0
strict_no_event20,locked_compact13,logistic_balanced,5,0.6,13,normal_0046,46,normal_event,4,normal,0,0.03230799880690966,0,normal,False,1.0
strict_no_event20,locked_compact13,logistic_balanced,5,0.6,13,normal_0055,55,normal_event,23,normal,0,0.05487007391011303,0,normal,False,1.0
strict_no_event20,locked_compact13,logistic_balanced,5,0.6,13,strict_positive_0010,10,fault_record,30,efd_possible,1,0.9999971035915453,1,efd_possible,False,1.0
strict_no_event20,locked_compact13,logistic_balanced,5,0.6,13,strict_positive_0047,47,fault_record,28,efd_possible,1,0.984005619506433,1,efd_possible,False,1.0
strict_no_event20,locked_compact13,logistic_balanced,5,0.6,13,strict_positive_0064,64,fault_record,6,efd_possible,1,0.7767226134788623,1,efd_possible,False,1.0
strict_no_event20,fold_selected_compact13,dummy_most_frequent,5,0.6,13,normal_0008,8,normal_event,6,normal,0,0.0,0,normal,False,1.0
strict_no_event20,fold_selected_compact13,dummy_most_frequent,5,0.6,13,normal_0026,26,normal_event,4,normal,0,0.0,0,normal,False,1.0
strict_no_event20,fold_selected_compact13,dummy_most_frequent,5,0.6,13,normal_0031,31,normal_event,3,normal,0,0.0,0,normal,False,1.0
strict_no_event20,fold_selected_compact13,dummy_most_frequent,5,0.6,13,normal_0033,33,normal_event,3,normal,0,0.0,0,normal,False,1.0
strict_no_event20,fold_selected_compact13,dummy_most_frequent,5,0.6,13,normal_0046,46,normal_event,4,normal,0,0.0,0,normal,False,1.0
strict_no_event20,fold_selected_compact13,dummy_most_frequent,5,0.6,13,normal_0055,55,normal_event,23,normal,0,0.0,0,normal,False,1.0
strict_no_event20,fold_selected_compact13,dummy_most_frequent,5,0.6,13,strict_positive_0010,10,fault_record,30,efd_possible,1,0.0,0,normal,False,1.0
strict_no_event20,fold_selected_compact13,dummy_most_frequent,5,0.6,13,strict_positive_0047,47,fault_record,28,efd_possible,1,0.0,0,normal,False,1.0
strict_no_event20,fold_selected_compact13,dummy_most_frequent,5,0.6,13,strict_positive_0064,64,fault_record,6,efd_possible,1,0.0,0,normal,False,1.0
strict_no_event20,fold_selected_compact13,logistic_balanced,5,0.6,13,normal_0008,8,normal_event,6,normal,0,0.9552885531924465,1,efd_possible,False,1.0
strict_no_event20,fold_selected_compact13,logistic_balanced,5,0.6,13,normal_0026,26,normal_event,4,normal,0,0.005374665609831208,0,normal,False,1.0
strict_no_event20,fold_selected_compact13,logistic_balanced,5,0.6,13,normal_0031,31,normal_event,3,normal,0,0.04009686748903939,0,normal,False,1.0
strict_no_event20,fold_selected_compact13,logistic_balanced,5,0.6,13,normal_0033,33,normal_event,3,normal,0,0.6351455421292573,1,efd_possible,False,1.0
strict_no_event20,fold_selected_compact13,logistic_balanced,5,0.6,13,normal_0046,46,normal_event,4,normal,0,0.05280725356065392,0,normal,False,1.0
strict_no_event20,fold_selected_compact13,logistic_balanced,5,0.6,13,normal_0055,55,normal_event,23,normal,0,0.07480572393461556,0,normal,False,1.0
strict_no_event20,fold_selected_compact13,logistic_balanced,5,0.6,13,strict_positive_0010,10,fault_record,30,efd_possible,1,0.9999997731158838,1,efd_possible,False,1.0
strict_no_event20,fold_selected_compact13,logistic_balanced,5,0.6,13,strict_positive_0047,47,fault_record,28,efd_possible,1,0.9989295743322334,1,efd_possible,False,1.0
strict_no_event20,fold_selected_compact13,logistic_balanced,5,0.6,13,strict_positive_0064,64,fault_record,6,efd_possible,1,0.2877731346949848,0,normal,False,1.0
strict_no_event20_no_event67,expanded154,dummy_most_frequent,1,0.6,154,normal_0014,14,normal_event,26,normal,0,0.0,0,normal,False,1.0
strict_no_event20_no_event67,expanded154,dummy_most_frequent,1,0.6,154,normal_0017,17,normal_event,2,normal,0,0.0,0,normal,False,1.0
strict_no_event20_no_event67,expanded154,dummy_most_frequent,1,0.6,154,normal_0018,18,normal_event,16,normal,0,0.0,0,normal,False,1.0
strict_no_event20_no_event67,expanded154,dummy_most_frequent,1,0.6,154,normal_0030,30,normal_event,16,normal,0,0.0,0,normal,False,1.0
strict_no_event20_no_event67,expanded154,dummy_most_frequent,1,0.6,154,normal_0041,41,normal_event,2,normal,0,0.0,0,normal,False,1.0
strict_no_event20_no_event67,expanded154,dummy_most_frequent,1,0.6,154,normal_0055,55,normal_event,23,normal,0,0.0,0,normal,False,1.0
strict_no_event20_no_event67,expanded154,dummy_most_frequent,1,0.6,154,normal_0056,56,normal_event,2,normal,0,0.0,0,normal,False,1.0
strict_no_event20_no_event67,expanded154,dummy_most_frequent,1,0.6,154,strict_positive_0007,7,fault_record,26,efd_possible,1,0.0,0,normal,False,1.0
strict_no_event20_no_event67,expanded154,dummy_most_frequent,1,0.6,154,strict_positive_0047,47,fault_record,28,efd_possible,1,0.0,0,normal,False,1.0
strict_no_event20_no_event67,expanded154,dummy_most_frequent,1,0.6,154,strict_positive_0049,49,fault_record,18,efd_possible,1,0.0,0,normal,False,0.9970238095238096
strict_no_event20_no_event67,expanded154,logistic_balanced,1,0.6,154,normal_0014,14,normal_event,26,normal,0,0.5295367311326662,0,normal,False,1.0
strict_no_event20_no_event67,expanded154,logistic_balanced,1,0.6,154,normal_0017,17,normal_event,2,normal,0,0.09524104326097878,0,normal,False,1.0
strict_no_event20_no_event67,expanded154,logistic_balanced,1,0.6,154,normal_0018,18,normal_event,16,normal,0,0.03712340763906771,0,normal,False,1.0
strict_no_event20_no_event67,expanded154,logistic_balanced,1,0.6,154,normal_0030,30,normal_event,16,normal,0,0.002998773519366488,0,normal,False,1.0
strict_no_event20_no_event67,expanded154,logistic_balanced,1,0.6,154,normal_0041,41,normal_event,2,normal,0,9.122463802136045e-05,0,normal,False,1.0
strict_no_event20_no_event67,expanded154,logistic_balanced,1,0.6,154,normal_0055,55,normal_event,23,normal,0,0.688361923995002,1,efd_possible,False,1.0
strict_no_event20_no_event67,expanded154,logistic_balanced,1,0.6,154,normal_0056,56,normal_event,2,normal,0,0.014955482837937744,0,normal,False,1.0
strict_no_event20_no_event67,expanded154,logistic_balanced,1,0.6,154,strict_positive_0007,7,fault_record,26,efd_possible,1,0.9999995825762314,1,efd_possible,False,1.0
strict_no_event20_no_event67,expanded154,logistic_balanced,1,0.6,154,strict_positive_0047,47,fault_record,28,efd_possible,1,0.998418421446712,1,efd_possible,False,1.0
strict_no_event20_no_event67,expanded154,logistic_balanced,1,0.6,154,strict_positive_0049,49,fault_record,18,efd_possible,1,0.9655933231143151,1,efd_possible,False,0.9970238095238096
strict_no_event20_no_event67,locked_compact13,dummy_most_frequent,1,0.6,13,normal_0014,14,normal_event,26,normal,0,0.0,0,normal,False,1.0
strict_no_event20_no_event67,locked_compact13,dummy_most_frequent,1,0.6,13,normal_0017,17,normal_event,2,normal,0,0.0,0,normal,False,1.0
strict_no_event20_no_event67,locked_compact13,dummy_most_frequent,1,0.6,13,normal_0018,18,normal_event,16,normal,0,0.0,0,normal,False,1.0
strict_no_event20_no_event67,locked_compact13,dummy_most_frequent,1,0.6,13,normal_0030,30,normal_event,16,normal,0,0.0,0,normal,False,1.0
strict_no_event20_no_event67,locked_compact13,dummy_most_frequent,1,0.6,13,normal_0041,41,normal_event,2,normal,0,0.0,0,normal,False,1.0
strict_no_event20_no_event67,locked_compact13,dummy_most_frequent,1,0.6,13,normal_0055,55,normal_event,23,normal,0,0.0,0,normal,False,1.0
strict_no_event20_no_event67,locked_compact13,dummy_most_frequent,1,0.6,13,normal_0056,56,normal_event,2,normal,0,0.0,0,normal,False,1.0
strict_no_event20_no_event67,locked_compact13,dummy_most_frequent,1,0.6,13,strict_positive_0007,7,fault_record,26,efd_possible,1,0.0,0,normal,False,1.0
strict_no_event20_no_event67,locked_compact13,dummy_most_frequent,1,0.6,13,strict_positive_0047,47,fault_record,28,efd_possible,1,0.0,0,normal,False,1.0
strict_no_event20_no_event67,locked_compact13,dummy_most_frequent,1,0.6,13,strict_positive_0049,49,fault_record,18,efd_possible,1,0.0,0,normal,False,0.9970238095238096
strict_no_event20_no_event67,locked_compact13,logistic_balanced,1,0.6,13,normal_0014,14,normal_event,26,normal,0,0.7354137689138006,1,efd_possible,False,1.0
strict_no_event20_no_event67,locked_compact13,logistic_balanced,1,0.6,13,normal_0017,17,normal_event,2,normal,0,0.03776461225769046,0,normal,False,1.0
strict_no_event20_no_event67,locked_compact13,logistic_balanced,1,0.6,13,normal_0018,18,normal_event,16,normal,0,0.0929916226047274,0,normal,False,1.0
strict_no_event20_no_event67,locked_compact13,logistic_balanced,1,0.6,13,normal_0030,30,normal_event,16,normal,0,0.004477562587351105,0,normal,False,1.0
strict_no_event20_no_event67,locked_compact13,logistic_balanced,1,0.6,13,normal_0041,41,normal_event,2,normal,0,0.008541904453408621,0,normal,False,1.0
strict_no_event20_no_event67,locked_compact13,logistic_balanced,1,0.6,13,normal_0055,55,normal_event,23,normal,0,0.14543671375942152,0,normal,False,1.0
strict_no_event20_no_event67,locked_compact13,logistic_balanced,1,0.6,13,normal_0056,56,normal_event,2,normal,0,0.025978029877702518,0,normal,False,1.0
strict_no_event20_no_event67,locked_compact13,logistic_balanced,1,0.6,13,strict_positive_0007,7,fault_record,26,efd_possible,1,0.9999329922899534,1,efd_possible,False,1.0
strict_no_event20_no_event67,locked_compact13,logistic_balanced,1,0.6,13,strict_positive_0047,47,fault_record,28,efd_possible,1,0.9320593820309991,1,efd_possible,False,1.0
strict_no_event20_no_event67,locked_compact13,logistic_balanced,1,0.6,13,strict_positive_0049,49,fault_record,18,efd_possible,1,0.9601740658106468,1,efd_possible,False,0.9970238095238096
strict_no_event20_no_event67,fold_selected_compact13,dummy_most_frequent,1,0.6,13,normal_0014,14,normal_event,26,normal,0,0.0,0,normal,False,1.0
strict_no_event20_no_event67,fold_selected_compact13,dummy_most_frequent,1,0.6,13,normal_0017,17,normal_event,2,normal,0,0.0,0,normal,False,1.0
strict_no_event20_no_event67,fold_selected_compact13,dummy_most_frequent,1,0.6,13,normal_0018,18,normal_event,16,normal,0,0.0,0,normal,False,1.0
strict_no_event20_no_event67,fold_selected_compact13,dummy_most_frequent,1,0.6,13,normal_0030,30,normal_event,16,normal,0,0.0,0,normal,False,1.0
strict_no_event20_no_event67,fold_selected_compact13,dummy_most_frequent,1,0.6,13,normal_0041,41,normal_event,2,normal,0,0.0,0,normal,False,1.0
strict_no_event20_no_event67,fold_selected_compact13,dummy_most_frequent,1,0.6,13,normal_0055,55,normal_event,23,normal,0,0.0,0,normal,False,1.0
strict_no_event20_no_event67,fold_selected_compact13,dummy_most_frequent,1,0.6,13,normal_0056,56,normal_event,2,normal,0,0.0,0,normal,False,1.0
strict_no_event20_no_event67,fold_selected_compact13,dummy_most_frequent,1,0.6,13,strict_positive_0007,7,fault_record,26,efd_possible,1,0.0,0,normal,False,1.0
strict_no_event20_no_event67,fold_selected_compact13,dummy_most_frequent,1,0.6,13,strict_positive_0047,47,fault_record,28,efd_possible,1,0.0,0,normal,False,1.0
strict_no_event20_no_event67,fold_selected_compact13,dummy_most_frequent,1,0.6,13,strict_positive_0049,49,fault_record,18,efd_possible,1,0.0,0,normal,False,0.9970238095238096
strict_no_event20_no_event67,fold_selected_compact13,logistic_balanced,1,0.6,13,normal_0014,14,normal_event,26,normal,0,0.49762482331401214,0,normal,False,1.0
strict_no_event20_no_event67,fold_selected_compact13,logistic_balanced,1,0.6,13,normal_0017,17,normal_event,2,normal,0,0.06972949132037237,0,normal,False,1.0
strict_no_event20_no_event67,fold_selected_compact13,logistic_balanced,1,0.6,13,normal_0018,18,normal_event,16,normal,0,0.04190896257864061,0,normal,False,1.0
strict_no_event20_no_event67,fold_selected_compact13,logistic_balanced,1,0.6,13,normal_0030,30,normal_event,16,normal,0,0.012605512463250252,0,normal,False,1.0
strict_no_event20_no_event67,fold_selected_compact13,logistic_balanced,1,0.6,13,normal_0041,41,normal_event,2,normal,0,1.6997126696418264e-06,0,normal,False,1.0
strict_no_event20_no_event67,fold_selected_compact13,logistic_balanced,1,0.6,13,normal_0055,55,normal_event,23,normal,0,0.1101696543544412,0,normal,False,1.0
strict_no_event20_no_event67,fold_selected_compact13,logistic_balanced,1,0.6,13,normal_0056,56,normal_event,2,normal,0,0.005146289165176592,0,normal,False,1.0
strict_no_event20_no_event67,fold_selected_compact13,logistic_balanced,1,0.6,13,strict_positive_0007,7,fault_record,26,efd_possible,1,0.9999996403032404,1,efd_possible,False,1.0
strict_no_event20_no_event67,fold_selected_compact13,logistic_balanced,1,0.6,13,strict_positive_0047,47,fault_record,28,efd_possible,1,0.9990818442182892,1,efd_possible,False,1.0
strict_no_event20_no_event67,fold_selected_compact13,logistic_balanced,1,0.6,13,strict_positive_0049,49,fault_record,18,efd_possible,1,0.975071646038048,1,efd_possible,False,0.9970238095238096
strict_no_event20_no_event67,expanded154,dummy_most_frequent,2,0.6,154,normal_0002,2,normal_event,9,normal,0,0.0,0,normal,False,1.0
strict_no_event20_no_event67,expanded154,dummy_most_frequent,2,0.6,154,normal_0012,12,normal_event,19,normal,0,0.0,0,normal,False,1.0
strict_no_event20_no_event67,expanded154,dummy_most_frequent,2,0.6,154,normal_0019,19,normal_event,8,normal,0,0.0,0,normal,False,1.0
strict_no_event20_no_event67,expanded154,dummy_most_frequent,2,0.6,154,normal_0042,42,normal_event,22,normal,0,0.0,0,normal,False,1.0
strict_no_event20_no_event67,expanded154,dummy_most_frequent,2,0.6,154,normal_0043,43,normal_event,25,normal,0,0.0,0,normal,False,1.0
strict_no_event20_no_event67,expanded154,dummy_most_frequent,2,0.6,154,normal_0054,54,normal_event,22,normal,0,0.0,0,normal,False,1.0
strict_no_event20_no_event67,expanded154,dummy_most_frequent,2,0.6,154,normal_0059,59,normal_event,22,normal,0,0.0,0,normal,False,1.0
strict_no_event20_no_event67,expanded154,dummy_most_frequent,2,0.6,154,normal_0066,66,normal_event,19,normal,0,0.0,0,normal,False,1.0
strict_no_event20_no_event67,expanded154,dummy_most_frequent,2,0.6,154,strict_positive_0044,44,fault_record,8,efd_possible,1,0.0,0,normal,False,1.0
strict_no_event20_no_event67,expanded154,dummy_most_frequent,2,0.6,154,strict_positive_0052,52,fault_record,21,efd_possible,1,0.0,0,normal,False,1.0
strict_no_event20_no_event67,expanded154,dummy_most_frequent,2,0.6,154,strict_positive_0057,57,fault_record,9,efd_possible,1,0.0,0,normal,False,1.0
strict_no_event20_no_event67,expanded154,logistic_balanced,2,0.6,154,normal_0002,2,normal_event,9,normal,0,0.05717325640969831,0,normal,False,1.0
strict_no_event20_no_event67,expanded154,logistic_balanced,2,0.6,154,normal_0012,12,normal_event,19,normal,0,0.0002914465438573949,0,normal,False,1.0
strict_no_event20_no_event67,expanded154,logistic_balanced,2,0.6,154,normal_0019,19,normal_event,8,normal,0,0.3795135921090451,0,normal,False,1.0
strict_no_event20_no_event67,expanded154,logistic_balanced,2,0.6,154,normal_0042,42,normal_event,22,normal,0,0.41787650427458883,0,normal,False,1.0
strict_no_event20_no_event67,expanded154,logistic_balanced,2,0.6,154,normal_0043,43,normal_event,25,normal,0,0.07238320719887156,0,normal,False,1.0
strict_no_event20_no_event67,expanded154,logistic_balanced,2,0.6,154,normal_0054,54,normal_event,22,normal,0,0.36673446479456545,0,normal,False,1.0
strict_no_event20_no_event67,expanded154,logistic_balanced,2,0.6,154,normal_0059,59,normal_event,22,normal,0,0.10028436593435727,0,normal,False,1.0
strict_no_event20_no_event67,expanded154,logistic_balanced,2,0.6,154,normal_0066,66,normal_event,19,normal,0,0.00015347442701859186,0,normal,False,1.0
strict_no_event20_no_event67,expanded154,logistic_balanced,2,0.6,154,strict_positive_0044,44,fault_record,8,efd_possible,1,0.5392588572990039,0,normal,False,1.0
strict_no_event20_no_event67,expanded154,logistic_balanced,2,0.6,154,strict_positive_0052,52,fault_record,21,efd_possible,1,0.006582639648654159,0,normal,False,1.0
strict_no_event20_no_event67,expanded154,logistic_balanced,2,0.6,154,strict_positive_0057,57,fault_record,9,efd_possible,1,0.595671408553123,0,normal,False,1.0
strict_no_event20_no_event67,locked_compact13,dummy_most_frequent,2,0.6,13,normal_0002,2,normal_event,9,normal,0,0.0,0,normal,False,1.0
strict_no_event20_no_event67,locked_compact13,dummy_most_frequent,2,0.6,13,normal_0012,12,normal_event,19,normal,0,0.0,0,normal,False,1.0
strict_no_event20_no_event67,locked_compact13,dummy_most_frequent,2,0.6,13,normal_0019,19,normal_event,8,normal,0,0.0,0,normal,False,1.0
strict_no_event20_no_event67,locked_compact13,dummy_most_frequent,2,0.6,13,normal_0042,42,normal_event,22,normal,0,0.0,0,normal,False,1.0
strict_no_event20_no_event67,locked_compact13,dummy_most_frequent,2,0.6,13,normal_0043,43,normal_event,25,normal,0,0.0,0,normal,False,1.0
strict_no_event20_no_event67,locked_compact13,dummy_most_frequent,2,0.6,13,normal_0054,54,normal_event,22,normal,0,0.0,0,normal,False,1.0
strict_no_event20_no_event67,locked_compact13,dummy_most_frequent,2,0.6,13,normal_0059,59,normal_event,22,normal,0,0.0,0,normal,False,1.0
strict_no_event20_no_event67,locked_compact13,dummy_most_frequent,2,0.6,13,normal_0066,66,normal_event,19,normal,0,0.0,0,normal,False,1.0
strict_no_event20_no_event67,locked_compact13,dummy_most_frequent,2,0.6,13,strict_positive_0044,44,fault_record,8,efd_possible,1,0.0,0,normal,False,1.0
strict_no_event20_no_event67,locked_compact13,dummy_most_frequent,2,0.6,13,strict_positive_0052,52,fault_record,21,efd_possible,1,0.0,0,normal,False,1.0
strict_no_event20_no_event67,locked_compact13,dummy_most_frequent,2,0.6,13,strict_positive_0057,57,fault_record,9,efd_possible,1,0.0,0,normal,False,1.0
strict_no_event20_no_event67,locked_compact13,logistic_balanced,2,0.6,13,normal_0002,2,normal_event,9,normal,0,0.3467544258525015,0,normal,False,1.0
strict_no_event20_no_event67,locked_compact13,logistic_balanced,2,0.6,13,normal_0012,12,normal_event,19,normal,0,0.040493302829142666,0,normal,False,1.0
strict_no_event20_no_event67,locked_compact13,logistic_balanced,2,0.6,13,normal_0019,19,normal_event,8,normal,0,0.317551952099997,0,normal,False,1.0
strict_no_event20_no_event67,locked_compact13,logistic_balanced,2,0.6,13,normal_0042,42,normal_event,22,normal,0,0.017163026979980803,0,normal,False,1.0
strict_no_event20_no_event67,locked_compact13,logistic_balanced,2,0.6,13,normal_0043,43,normal_event,25,normal,0,0.02276080533618093,0,normal,False,1.0
strict_no_event20_no_event67,locked_compact13,logistic_balanced,2,0.6,13,normal_0054,54,normal_event,22,normal,0,0.07371229721309941,0,normal,False,1.0
strict_no_event20_no_event67,locked_compact13,logistic_balanced,2,0.6,13,normal_0059,59,normal_event,22,normal,0,0.226968729360609,0,normal,False,1.0
strict_no_event20_no_event67,locked_compact13,logistic_balanced,2,0.6,13,normal_0066,66,normal_event,19,normal,0,0.01729422454138224,0,normal,False,1.0
strict_no_event20_no_event67,locked_compact13,logistic_balanced,2,0.6,13,strict_positive_0044,44,fault_record,8,efd_possible,1,0.9316581334366664,1,efd_possible,False,1.0
strict_no_event20_no_event67,locked_compact13,logistic_balanced,2,0.6,13,strict_positive_0052,52,fault_record,21,efd_possible,1,0.25046659713382063,0,normal,False,1.0
strict_no_event20_no_event67,locked_compact13,logistic_balanced,2,0.6,13,strict_positive_0057,57,fault_record,9,efd_possible,1,0.9442428187239128,1,efd_possible,False,1.0
strict_no_event20_no_event67,fold_selected_compact13,dummy_most_frequent,2,0.6,13,normal_0002,2,normal_event,9,normal,0,0.0,0,normal,False,1.0
strict_no_event20_no_event67,fold_selected_compact13,dummy_most_frequent,2,0.6,13,normal_0012,12,normal_event,19,normal,0,0.0,0,normal,False,1.0
strict_no_event20_no_event67,fold_selected_compact13,dummy_most_frequent,2,0.6,13,normal_0019,19,normal_event,8,normal,0,0.0,0,normal,False,1.0
strict_no_event20_no_event67,fold_selected_compact13,dummy_most_frequent,2,0.6,13,normal_0042,42,normal_event,22,normal,0,0.0,0,normal,False,1.0
strict_no_event20_no_event67,fold_selected_compact13,dummy_most_frequent,2,0.6,13,normal_0043,43,normal_event,25,normal,0,0.0,0,normal,False,1.0
strict_no_event20_no_event67,fold_selected_compact13,dummy_most_frequent,2,0.6,13,normal_0054,54,normal_event,22,normal,0,0.0,0,normal,False,1.0
strict_no_event20_no_event67,fold_selected_compact13,dummy_most_frequent,2,0.6,13,normal_0059,59,normal_event,22,normal,0,0.0,0,normal,False,1.0
strict_no_event20_no_event67,fold_selected_compact13,dummy_most_frequent,2,0.6,13,normal_0066,66,normal_event,19,normal,0,0.0,0,normal,False,1.0
strict_no_event20_no_event67,fold_selected_compact13,dummy_most_frequent,2,0.6,13,strict_positive_0044,44,fault_record,8,efd_possible,1,0.0,0,normal,False,1.0
strict_no_event20_no_event67,fold_selected_compact13,dummy_most_frequent,2,0.6,13,strict_positive_0052,52,fault_record,21,efd_possible,1,0.0,0,normal,False,1.0
strict_no_event20_no_event67,fold_selected_compact13,dummy_most_frequent,2,0.6,13,strict_positive_0057,57,fault_record,9,efd_possible,1,0.0,0,normal,False,1.0
strict_no_event20_no_event67,fold_selected_compact13,logistic_balanced,2,0.6,13,normal_0002,2,normal_event,9,normal,0,0.08040092734824812,0,normal,False,1.0
strict_no_event20_no_event67,fold_selected_compact13,logistic_balanced,2,0.6,13,normal_0012,12,normal_event,19,normal,0,0.011215264596397644,0,normal,False,1.0
strict_no_event20_no_event67,fold_selected_compact13,logistic_balanced,2,0.6,13,normal_0019,19,normal_event,8,normal,0,0.23904300588142746,0,normal,False,1.0
strict_no_event20_no_event67,fold_selected_compact13,logistic_balanced,2,0.6,13,normal_0042,42,normal_event,22,normal,0,0.1337764389567589,0,normal,False,1.0
strict_no_event20_no_event67,fold_selected_compact13,logistic_balanced,2,0.6,13,normal_0043,43,normal_event,25,normal,0,0.03450333029812051,0,normal,False,1.0
strict_no_event20_no_event67,fold_selected_compact13,logistic_balanced,2,0.6,13,normal_0054,54,normal_event,22,normal,0,0.08142639295755029,0,normal,False,1.0
strict_no_event20_no_event67,fold_selected_compact13,logistic_balanced,2,0.6,13,normal_0059,59,normal_event,22,normal,0,0.18779653733830212,0,normal,False,1.0
strict_no_event20_no_event67,fold_selected_compact13,logistic_balanced,2,0.6,13,normal_0066,66,normal_event,19,normal,0,0.018166009517569574,0,normal,False,1.0
strict_no_event20_no_event67,fold_selected_compact13,logistic_balanced,2,0.6,13,strict_positive_0044,44,fault_record,8,efd_possible,1,0.689226316503438,1,efd_possible,False,1.0
strict_no_event20_no_event67,fold_selected_compact13,logistic_balanced,2,0.6,13,strict_positive_0052,52,fault_record,21,efd_possible,1,0.02224025949799153,0,normal,False,1.0
strict_no_event20_no_event67,fold_selected_compact13,logistic_balanced,2,0.6,13,strict_positive_0057,57,fault_record,9,efd_possible,1,0.6657174713411346,1,efd_possible,False,1.0
strict_no_event20_no_event67,expanded154,dummy_most_frequent,3,0.6,154,normal_0004,4,normal_event,15,normal,0,0.0,0,normal,False,1.0
strict_no_event20_no_event67,expanded154,dummy_most_frequent,3,0.6,154,normal_0025,25,normal_event,20,normal,0,0.0,0,normal,False,1.0
strict_no_event20_no_event67,expanded154,dummy_most_frequent,3,0.6,154,normal_0035,35,normal_event,11,normal,0,0.0,0,normal,False,1.0
strict_no_event20_no_event67,expanded154,dummy_most_frequent,3,0.6,154,normal_0039,39,normal_event,15,normal,0,0.0,0,normal,False,1.0
strict_no_event20_no_event67,expanded154,dummy_most_frequent,3,0.6,154,normal_0048,48,normal_event,11,normal,0,0.0,0,normal,False,1.0
strict_no_event20_no_event67,expanded154,dummy_most_frequent,3,0.6,154,normal_0051,51,normal_event,20,normal,0,0.0,0,normal,False,1.0
strict_no_event20_no_event67,expanded154,dummy_most_frequent,3,0.6,154,normal_0068,68,normal_event,13,normal,0,0.0,0,normal,False,1.0
strict_no_event20_no_event67,expanded154,dummy_most_frequent,3,0.6,154,strict_positive_0001,1,fault_record,10,efd_possible,1,0.0,0,normal,False,1.0
strict_no_event20_no_event67,expanded154,dummy_most_frequent,3,0.6,154,strict_positive_0053,53,fault_record,13,efd_possible,1,0.0,0,normal,False,1.0
strict_no_event20_no_event67,expanded154,logistic_balanced,3,0.6,154,normal_0004,4,normal_event,15,normal,0,0.09848588700833648,0,normal,False,1.0
strict_no_event20_no_event67,expanded154,logistic_balanced,3,0.6,154,normal_0025,25,normal_event,20,normal,0,0.07863237394245476,0,normal,False,1.0
strict_no_event20_no_event67,expanded154,logistic_balanced,3,0.6,154,normal_0035,35,normal_event,11,normal,0,0.5901222983023285,0,normal,False,1.0
strict_no_event20_no_event67,expanded154,logistic_balanced,3,0.6,154,normal_0039,39,normal_event,15,normal,0,0.9313903409475353,1,efd_possible,False,1.0
strict_no_event20_no_event67,expanded154,logistic_balanced,3,0.6,154,normal_0048,48,normal_event,11,normal,0,0.32764823178192837,0,normal,False,1.0
strict_no_event20_no_event67,expanded154,logistic_balanced,3,0.6,154,normal_0051,51,normal_event,20,normal,0,0.149207460578489,0,normal,False,1.0
strict_no_event20_no_event67,expanded154,logistic_balanced,3,0.6,154,normal_0068,68,normal_event,13,normal,0,0.9075308217039373,1,efd_possible,False,1.0
strict_no_event20_no_event67,expanded154,logistic_balanced,3,0.6,154,strict_positive_0001,1,fault_record,10,efd_possible,1,0.9994612568812941,1,efd_possible,False,1.0
strict_no_event20_no_event67,expanded154,logistic_balanced,3,0.6,154,strict_positive_0053,53,fault_record,13,efd_possible,1,0.11169857011258266,0,normal,False,1.0
strict_no_event20_no_event67,locked_compact13,dummy_most_frequent,3,0.6,13,normal_0004,4,normal_event,15,normal,0,0.0,0,normal,False,1.0
strict_no_event20_no_event67,locked_compact13,dummy_most_frequent,3,0.6,13,normal_0025,25,normal_event,20,normal,0,0.0,0,normal,False,1.0
strict_no_event20_no_event67,locked_compact13,dummy_most_frequent,3,0.6,13,normal_0035,35,normal_event,11,normal,0,0.0,0,normal,False,1.0
strict_no_event20_no_event67,locked_compact13,dummy_most_frequent,3,0.6,13,normal_0039,39,normal_event,15,normal,0,0.0,0,normal,False,1.0
strict_no_event20_no_event67,locked_compact13,dummy_most_frequent,3,0.6,13,normal_0048,48,normal_event,11,normal,0,0.0,0,normal,False,1.0
strict_no_event20_no_event67,locked_compact13,dummy_most_frequent,3,0.6,13,normal_0051,51,normal_event,20,normal,0,0.0,0,normal,False,1.0
strict_no_event20_no_event67,locked_compact13,dummy_most_frequent,3,0.6,13,normal_0068,68,normal_event,13,normal,0,0.0,0,normal,False,1.0
strict_no_event20_no_event67,locked_compact13,dummy_most_frequent,3,0.6,13,strict_positive_0001,1,fault_record,10,efd_possible,1,0.0,0,normal,False,1.0
strict_no_event20_no_event67,locked_compact13,dummy_most_frequent,3,0.6,13,strict_positive_0053,53,fault_record,13,efd_possible,1,0.0,0,normal,False,1.0
strict_no_event20_no_event67,locked_compact13,logistic_balanced,3,0.6,13,normal_0004,4,normal_event,15,normal,0,0.015297091379914574,0,normal,False,1.0
strict_no_event20_no_event67,locked_compact13,logistic_balanced,3,0.6,13,normal_0025,25,normal_event,20,normal,0,0.04630949439115939,0,normal,False,1.0
strict_no_event20_no_event67,locked_compact13,logistic_balanced,3,0.6,13,normal_0035,35,normal_event,11,normal,0,0.3505597469844486,0,normal,False,1.0
strict_no_event20_no_event67,locked_compact13,logistic_balanced,3,0.6,13,normal_0039,39,normal_event,15,normal,0,0.09399713988113613,0,normal,False,1.0
strict_no_event20_no_event67,locked_compact13,logistic_balanced,3,0.6,13,normal_0048,48,normal_event,11,normal,0,0.02950601192893254,0,normal,False,1.0
strict_no_event20_no_event67,locked_compact13,logistic_balanced,3,0.6,13,normal_0051,51,normal_event,20,normal,0,0.05973729592476105,0,normal,False,1.0
strict_no_event20_no_event67,locked_compact13,logistic_balanced,3,0.6,13,normal_0068,68,normal_event,13,normal,0,0.8529977972952004,1,efd_possible,False,1.0
strict_no_event20_no_event67,locked_compact13,logistic_balanced,3,0.6,13,strict_positive_0001,1,fault_record,10,efd_possible,1,0.9957413587231496,1,efd_possible,False,1.0
strict_no_event20_no_event67,locked_compact13,logistic_balanced,3,0.6,13,strict_positive_0053,53,fault_record,13,efd_possible,1,0.5654981723682749,0,normal,False,1.0
strict_no_event20_no_event67,fold_selected_compact13,dummy_most_frequent,3,0.6,13,normal_0004,4,normal_event,15,normal,0,0.0,0,normal,False,1.0
strict_no_event20_no_event67,fold_selected_compact13,dummy_most_frequent,3,0.6,13,normal_0025,25,normal_event,20,normal,0,0.0,0,normal,False,1.0
strict_no_event20_no_event67,fold_selected_compact13,dummy_most_frequent,3,0.6,13,normal_0035,35,normal_event,11,normal,0,0.0,0,normal,False,1.0
strict_no_event20_no_event67,fold_selected_compact13,dummy_most_frequent,3,0.6,13,normal_0039,39,normal_event,15,normal,0,0.0,0,normal,False,1.0
strict_no_event20_no_event67,fold_selected_compact13,dummy_most_frequent,3,0.6,13,normal_0048,48,normal_event,11,normal,0,0.0,0,normal,False,1.0
strict_no_event20_no_event67,fold_selected_compact13,dummy_most_frequent,3,0.6,13,normal_0051,51,normal_event,20,normal,0,0.0,0,normal,False,1.0
strict_no_event20_no_event67,fold_selected_compact13,dummy_most_frequent,3,0.6,13,normal_0068,68,normal_event,13,normal,0,0.0,0,normal,False,1.0
strict_no_event20_no_event67,fold_selected_compact13,dummy_most_frequent,3,0.6,13,strict_positive_0001,1,fault_record,10,efd_possible,1,0.0,0,normal,False,1.0
strict_no_event20_no_event67,fold_selected_compact13,dummy_most_frequent,3,0.6,13,strict_positive_0053,53,fault_record,13,efd_possible,1,0.0,0,normal,False,1.0
strict_no_event20_no_event67,fold_selected_compact13,logistic_balanced,3,0.6,13,normal_0004,4,normal_event,15,normal,0,0.012710979095512647,0,normal,False,1.0
strict_no_event20_no_event67,fold_selected_compact13,logistic_balanced,3,0.6,13,normal_0025,25,normal_event,20,normal,0,0.0682609593809166,0,normal,False,1.0
strict_no_event20_no_event67,fold_selected_compact13,logistic_balanced,3,0.6,13,normal_0035,35,normal_event,11,normal,0,0.4374725787406464,0,normal,False,1.0
strict_no_event20_no_event67,fold_selected_compact13,logistic_balanced,3,0.6,13,normal_0039,39,normal_event,15,normal,0,0.11038297740500008,0,normal,False,1.0
strict_no_event20_no_event67,fold_selected_compact13,logistic_balanced,3,0.6,13,normal_0048,48,normal_event,11,normal,0,0.02849452939593151,0,normal,False,1.0
strict_no_event20_no_event67,fold_selected_compact13,logistic_balanced,3,0.6,13,normal_0051,51,normal_event,20,normal,0,0.029383587989488976,0,normal,False,1.0
strict_no_event20_no_event67,fold_selected_compact13,logistic_balanced,3,0.6,13,normal_0068,68,normal_event,13,normal,0,0.8535055721233122,1,efd_possible,False,1.0
strict_no_event20_no_event67,fold_selected_compact13,logistic_balanced,3,0.6,13,strict_positive_0001,1,fault_record,10,efd_possible,1,0.9973884206747181,1,efd_possible,False,1.0
strict_no_event20_no_event67,fold_selected_compact13,logistic_balanced,3,0.6,13,strict_positive_0053,53,fault_record,13,efd_possible,1,0.4689714642291305,0,normal,False,1.0
strict_no_event20_no_event67,expanded154,dummy_most_frequent,4,0.6,154,normal_0016,16,normal_event,17,normal,0,0.0,0,normal,False,1.0
strict_no_event20_no_event67,expanded154,dummy_most_frequent,4,0.6,154,normal_0021,21,normal_event,1,normal,0,0.0,0,normal,False,1.0
strict_no_event20_no_event67,expanded154,dummy_most_frequent,4,0.6,154,normal_0022,22,normal_event,5,normal,0,0.0,0,normal,False,1.0
strict_no_event20_no_event67,expanded154,dummy_most_frequent,4,0.6,154,normal_0027,27,normal_event,12,normal,0,0.0,0,normal,False,1.0
strict_no_event20_no_event67,expanded154,dummy_most_frequent,4,0.6,154,normal_0050,50,normal_event,17,normal,0,0.0,0,normal,False,1.0
strict_no_event20_no_event67,expanded154,dummy_most_frequent,4,0.6,154,normal_0058,58,normal_event,5,normal,0,0.0,0,normal,False,1.0
strict_no_event20_no_event67,expanded154,dummy_most_frequent,4,0.6,154,normal_0061,61,normal_event,14,normal,0,0.0,0,normal,False,1.0
strict_no_event20_no_event67,expanded154,dummy_most_frequent,4,0.6,154,strict_positive_0003,3,fault_record,12,efd_possible,1,0.0,0,normal,False,1.0
strict_no_event20_no_event67,expanded154,dummy_most_frequent,4,0.6,154,strict_positive_0040,40,fault_record,24,efd_possible,1,0.0,0,normal,False,0.9950396825396826
strict_no_event20_no_event67,expanded154,logistic_balanced,4,0.6,154,normal_0016,16,normal_event,17,normal,0,0.00010079940534839222,0,normal,False,1.0
strict_no_event20_no_event67,expanded154,logistic_balanced,4,0.6,154,normal_0021,21,normal_event,1,normal,0,0.4081311864239364,0,normal,False,1.0
strict_no_event20_no_event67,expanded154,logistic_balanced,4,0.6,154,normal_0022,22,normal_event,5,normal,0,0.003928730132513385,0,normal,False,1.0
strict_no_event20_no_event67,expanded154,logistic_balanced,4,0.6,154,normal_0027,27,normal_event,12,normal,0,0.054774525303634726,0,normal,False,1.0
strict_no_event20_no_event67,expanded154,logistic_balanced,4,0.6,154,normal_0050,50,normal_event,17,normal,0,0.1361939683412464,0,normal,False,1.0
strict_no_event20_no_event67,expanded154,logistic_balanced,4,0.6,154,normal_0058,58,normal_event,5,normal,0,0.0243667607053342,0,normal,False,1.0
strict_no_event20_no_event67,expanded154,logistic_balanced,4,0.6,154,normal_0061,61,normal_event,14,normal,0,0.9917900572118551,1,efd_possible,False,1.0
strict_no_event20_no_event67,expanded154,logistic_balanced,4,0.6,154,strict_positive_0003,3,fault_record,12,efd_possible,1,0.023771909131105044,0,normal,False,1.0
strict_no_event20_no_event67,expanded154,logistic_balanced,4,0.6,154,strict_positive_0040,40,fault_record,24,efd_possible,1,0.02318807540648032,0,normal,False,0.9950396825396826
strict_no_event20_no_event67,locked_compact13,dummy_most_frequent,4,0.6,13,normal_0016,16,normal_event,17,normal,0,0.0,0,normal,False,1.0
strict_no_event20_no_event67,locked_compact13,dummy_most_frequent,4,0.6,13,normal_0021,21,normal_event,1,normal,0,0.0,0,normal,False,1.0
strict_no_event20_no_event67,locked_compact13,dummy_most_frequent,4,0.6,13,normal_0022,22,normal_event,5,normal,0,0.0,0,normal,False,1.0
strict_no_event20_no_event67,locked_compact13,dummy_most_frequent,4,0.6,13,normal_0027,27,normal_event,12,normal,0,0.0,0,normal,False,1.0
strict_no_event20_no_event67,locked_compact13,dummy_most_frequent,4,0.6,13,normal_0050,50,normal_event,17,normal,0,0.0,0,normal,False,1.0
strict_no_event20_no_event67,locked_compact13,dummy_most_frequent,4,0.6,13,normal_0058,58,normal_event,5,normal,0,0.0,0,normal,False,1.0
strict_no_event20_no_event67,locked_compact13,dummy_most_frequent,4,0.6,13,normal_0061,61,normal_event,14,normal,0,0.0,0,normal,False,1.0
strict_no_event20_no_event67,locked_compact13,dummy_most_frequent,4,0.6,13,strict_positive_0003,3,fault_record,12,efd_possible,1,0.0,0,normal,False,1.0
strict_no_event20_no_event67,locked_compact13,dummy_most_frequent,4,0.6,13,strict_positive_0040,40,fault_record,24,efd_possible,1,0.0,0,normal,False,0.9950396825396826
strict_no_event20_no_event67,locked_compact13,logistic_balanced,4,0.6,13,normal_0016,16,normal_event,17,normal,0,0.0354353307941428,0,normal,False,1.0
strict_no_event20_no_event67,locked_compact13,logistic_balanced,4,0.6,13,normal_0021,21,normal_event,1,normal,0,0.20124163453194,0,normal,False,1.0
strict_no_event20_no_event67,locked_compact13,logistic_balanced,4,0.6,13,normal_0022,22,normal_event,5,normal,0,0.09357526929905673,0,normal,False,1.0
strict_no_event20_no_event67,locked_compact13,logistic_balanced,4,0.6,13,normal_0027,27,normal_event,12,normal,0,0.46932773370484404,0,normal,False,1.0
strict_no_event20_no_event67,locked_compact13,logistic_balanced,4,0.6,13,normal_0050,50,normal_event,17,normal,0,0.018633040550949623,0,normal,False,1.0
strict_no_event20_no_event67,locked_compact13,logistic_balanced,4,0.6,13,normal_0058,58,normal_event,5,normal,0,0.08979273637086446,0,normal,False,1.0
strict_no_event20_no_event67,locked_compact13,logistic_balanced,4,0.6,13,normal_0061,61,normal_event,14,normal,0,0.15226560578730045,0,normal,False,1.0
strict_no_event20_no_event67,locked_compact13,logistic_balanced,4,0.6,13,strict_positive_0003,3,fault_record,12,efd_possible,1,0.709103071533138,1,efd_possible,False,1.0
strict_no_event20_no_event67,locked_compact13,logistic_balanced,4,0.6,13,strict_positive_0040,40,fault_record,24,efd_possible,1,0.02585373550928132,0,normal,False,0.9950396825396826
strict_no_event20_no_event67,fold_selected_compact13,dummy_most_frequent,4,0.6,13,normal_0016,16,normal_event,17,normal,0,0.0,0,normal,False,1.0
strict_no_event20_no_event67,fold_selected_compact13,dummy_most_frequent,4,0.6,13,normal_0021,21,normal_event,1,normal,0,0.0,0,normal,False,1.0
strict_no_event20_no_event67,fold_selected_compact13,dummy_most_frequent,4,0.6,13,normal_0022,22,normal_event,5,normal,0,0.0,0,normal,False,1.0
strict_no_event20_no_event67,fold_selected_compact13,dummy_most_frequent,4,0.6,13,normal_0027,27,normal_event,12,normal,0,0.0,0,normal,False,1.0
strict_no_event20_no_event67,fold_selected_compact13,dummy_most_frequent,4,0.6,13,normal_0050,50,normal_event,17,normal,0,0.0,0,normal,False,1.0
strict_no_event20_no_event67,fold_selected_compact13,dummy_most_frequent,4,0.6,13,normal_0058,58,normal_event,5,normal,0,0.0,0,normal,False,1.0
strict_no_event20_no_event67,fold_selected_compact13,dummy_most_frequent,4,0.6,13,normal_0061,61,normal_event,14,normal,0,0.0,0,normal,False,1.0
strict_no_event20_no_event67,fold_selected_compact13,dummy_most_frequent,4,0.6,13,strict_positive_0003,3,fault_record,12,efd_possible,1,0.0,0,normal,False,1.0
strict_no_event20_no_event67,fold_selected_compact13,dummy_most_frequent,4,0.6,13,strict_positive_0040,40,fault_record,24,efd_possible,1,0.0,0,normal,False,0.9950396825396826
strict_no_event20_no_event67,fold_selected_compact13,logistic_balanced,4,0.6,13,normal_0016,16,normal_event,17,normal,0,0.029656870557506335,0,normal,False,1.0
strict_no_event20_no_event67,fold_selected_compact13,logistic_balanced,4,0.6,13,normal_0021,21,normal_event,1,normal,0,0.5256679079693716,0,normal,False,1.0
strict_no_event20_no_event67,fold_selected_compact13,logistic_balanced,4,0.6,13,normal_0022,22,normal_event,5,normal,0,0.01467255446664531,0,normal,False,1.0
strict_no_event20_no_event67,fold_selected_compact13,logistic_balanced,4,0.6,13,normal_0027,27,normal_event,12,normal,0,0.05952794068431608,0,normal,False,1.0
strict_no_event20_no_event67,fold_selected_compact13,logistic_balanced,4,0.6,13,normal_0050,50,normal_event,17,normal,0,0.001881907822287078,0,normal,False,1.0
strict_no_event20_no_event67,fold_selected_compact13,logistic_balanced,4,0.6,13,normal_0058,58,normal_event,5,normal,0,0.062322844417865154,0,normal,False,1.0
strict_no_event20_no_event67,fold_selected_compact13,logistic_balanced,4,0.6,13,normal_0061,61,normal_event,14,normal,0,0.7315734618339846,1,efd_possible,False,1.0
strict_no_event20_no_event67,fold_selected_compact13,logistic_balanced,4,0.6,13,strict_positive_0003,3,fault_record,12,efd_possible,1,0.03154727808409623,0,normal,False,1.0
strict_no_event20_no_event67,fold_selected_compact13,logistic_balanced,4,0.6,13,strict_positive_0040,40,fault_record,24,efd_possible,1,4.434829716097288e-06,0,normal,False,0.9950396825396826
strict_no_event20_no_event67,expanded154,dummy_most_frequent,5,0.6,154,normal_0008,8,normal_event,6,normal,0,0.0,0,normal,False,1.0
strict_no_event20_no_event67,expanded154,dummy_most_frequent,5,0.6,154,normal_0026,26,normal_event,4,normal,0,0.0,0,normal,False,1.0
strict_no_event20_no_event67,expanded154,dummy_most_frequent,5,0.6,154,normal_0028,28,normal_event,7,normal,0,0.0,0,normal,False,1.0
strict_no_event20_no_event67,expanded154,dummy_most_frequent,5,0.6,154,normal_0031,31,normal_event,3,normal,0,0.0,0,normal,False,1.0
strict_no_event20_no_event67,expanded154,dummy_most_frequent,5,0.6,154,normal_0033,33,normal_event,3,normal,0,0.0,0,normal,False,1.0
strict_no_event20_no_event67,expanded154,dummy_most_frequent,5,0.6,154,normal_0046,46,normal_event,4,normal,0,0.0,0,normal,False,1.0
strict_no_event20_no_event67,expanded154,dummy_most_frequent,5,0.6,154,strict_positive_0010,10,fault_record,30,efd_possible,1,0.0,0,normal,False,1.0
strict_no_event20_no_event67,expanded154,dummy_most_frequent,5,0.6,154,strict_positive_0015,15,fault_record,29,efd_possible,1,0.0,0,normal,False,1.0
strict_no_event20_no_event67,expanded154,dummy_most_frequent,5,0.6,154,strict_positive_0064,64,fault_record,6,efd_possible,1,0.0,0,normal,False,1.0
strict_no_event20_no_event67,expanded154,logistic_balanced,5,0.6,154,normal_0008,8,normal_event,6,normal,0,0.8496586412671497,1,efd_possible,False,1.0
strict_no_event20_no_event67,expanded154,logistic_balanced,5,0.6,154,normal_0026,26,normal_event,4,normal,0,0.003042060053610372,0,normal,False,1.0
strict_no_event20_no_event67,expanded154,logistic_balanced,5,0.6,154,normal_0028,28,normal_event,7,normal,0,0.1741433627393967,0,normal,False,1.0
strict_no_event20_no_event67,expanded154,logistic_balanced,5,0.6,154,normal_0031,31,normal_event,3,normal,0,0.03520346702877202,0,normal,False,1.0
strict_no_event20_no_event67,expanded154,logistic_balanced,5,0.6,154,normal_0033,33,normal_event,3,normal,0,0.36414775834982227,0,normal,False,1.0
strict_no_event20_no_event67,expanded154,logistic_balanced,5,0.6,154,normal_0046,46,normal_event,4,normal,0,0.01789974113462823,0,normal,False,1.0
strict_no_event20_no_event67,expanded154,logistic_balanced,5,0.6,154,strict_positive_0010,10,fault_record,30,efd_possible,1,0.9999934176609936,1,efd_possible,False,1.0
strict_no_event20_no_event67,expanded154,logistic_balanced,5,0.6,154,strict_positive_0015,15,fault_record,29,efd_possible,1,0.4221314272086519,0,normal,False,1.0
strict_no_event20_no_event67,expanded154,logistic_balanced,5,0.6,154,strict_positive_0064,64,fault_record,6,efd_possible,1,0.6929089219459305,1,efd_possible,False,1.0
strict_no_event20_no_event67,locked_compact13,dummy_most_frequent,5,0.6,13,normal_0008,8,normal_event,6,normal,0,0.0,0,normal,False,1.0
strict_no_event20_no_event67,locked_compact13,dummy_most_frequent,5,0.6,13,normal_0026,26,normal_event,4,normal,0,0.0,0,normal,False,1.0
strict_no_event20_no_event67,locked_compact13,dummy_most_frequent,5,0.6,13,normal_0028,28,normal_event,7,normal,0,0.0,0,normal,False,1.0
strict_no_event20_no_event67,locked_compact13,dummy_most_frequent,5,0.6,13,normal_0031,31,normal_event,3,normal,0,0.0,0,normal,False,1.0
strict_no_event20_no_event67,locked_compact13,dummy_most_frequent,5,0.6,13,normal_0033,33,normal_event,3,normal,0,0.0,0,normal,False,1.0
strict_no_event20_no_event67,locked_compact13,dummy_most_frequent,5,0.6,13,normal_0046,46,normal_event,4,normal,0,0.0,0,normal,False,1.0
strict_no_event20_no_event67,locked_compact13,dummy_most_frequent,5,0.6,13,strict_positive_0010,10,fault_record,30,efd_possible,1,0.0,0,normal,False,1.0
strict_no_event20_no_event67,locked_compact13,dummy_most_frequent,5,0.6,13,strict_positive_0015,15,fault_record,29,efd_possible,1,0.0,0,normal,False,1.0
strict_no_event20_no_event67,locked_compact13,dummy_most_frequent,5,0.6,13,strict_positive_0064,64,fault_record,6,efd_possible,1,0.0,0,normal,False,1.0
strict_no_event20_no_event67,locked_compact13,logistic_balanced,5,0.6,13,normal_0008,8,normal_event,6,normal,0,0.07515890455130955,0,normal,False,1.0
strict_no_event20_no_event67,locked_compact13,logistic_balanced,5,0.6,13,normal_0026,26,normal_event,4,normal,0,0.09743975173760586,0,normal,False,1.0
strict_no_event20_no_event67,locked_compact13,logistic_balanced,5,0.6,13,normal_0028,28,normal_event,7,normal,0,0.5778845054676631,0,normal,False,1.0
strict_no_event20_no_event67,locked_compact13,logistic_balanced,5,0.6,13,normal_0031,31,normal_event,3,normal,0,0.053939790222143826,0,normal,False,1.0
strict_no_event20_no_event67,locked_compact13,logistic_balanced,5,0.6,13,normal_0033,33,normal_event,3,normal,0,0.2245026344039129,0,normal,False,1.0
strict_no_event20_no_event67,locked_compact13,logistic_balanced,5,0.6,13,normal_0046,46,normal_event,4,normal,0,0.05254163887213849,0,normal,False,1.0
strict_no_event20_no_event67,locked_compact13,logistic_balanced,5,0.6,13,strict_positive_0010,10,fault_record,30,efd_possible,1,0.9999972906806437,1,efd_possible,False,1.0
strict_no_event20_no_event67,locked_compact13,logistic_balanced,5,0.6,13,strict_positive_0015,15,fault_record,29,efd_possible,1,0.2021579338743198,0,normal,False,1.0
strict_no_event20_no_event67,locked_compact13,logistic_balanced,5,0.6,13,strict_positive_0064,64,fault_record,6,efd_possible,1,0.8461397546976566,1,efd_possible,False,1.0
strict_no_event20_no_event67,fold_selected_compact13,dummy_most_frequent,5,0.6,13,normal_0008,8,normal_event,6,normal,0,0.0,0,normal,False,1.0
strict_no_event20_no_event67,fold_selected_compact13,dummy_most_frequent,5,0.6,13,normal_0026,26,normal_event,4,normal,0,0.0,0,normal,False,1.0
strict_no_event20_no_event67,fold_selected_compact13,dummy_most_frequent,5,0.6,13,normal_0028,28,normal_event,7,normal,0,0.0,0,normal,False,1.0
strict_no_event20_no_event67,fold_selected_compact13,dummy_most_frequent,5,0.6,13,normal_0031,31,normal_event,3,normal,0,0.0,0,normal,False,1.0
strict_no_event20_no_event67,fold_selected_compact13,dummy_most_frequent,5,0.6,13,normal_0033,33,normal_event,3,normal,0,0.0,0,normal,False,1.0
strict_no_event20_no_event67,fold_selected_compact13,dummy_most_frequent,5,0.6,13,normal_0046,46,normal_event,4,normal,0,0.0,0,normal,False,1.0
strict_no_event20_no_event67,fold_selected_compact13,dummy_most_frequent,5,0.6,13,strict_positive_0010,10,fault_record,30,efd_possible,1,0.0,0,normal,False,1.0
strict_no_event20_no_event67,fold_selected_compact13,dummy_most_frequent,5,0.6,13,strict_positive_0015,15,fault_record,29,efd_possible,1,0.0,0,normal,False,1.0
strict_no_event20_no_event67,fold_selected_compact13,dummy_most_frequent,5,0.6,13,strict_positive_0064,64,fault_record,6,efd_possible,1,0.0,0,normal,False,1.0
strict_no_event20_no_event67,fold_selected_compact13,logistic_balanced,5,0.6,13,normal_0008,8,normal_event,6,normal,0,0.17918112893503704,0,normal,False,1.0
strict_no_event20_no_event67,fold_selected_compact13,logistic_balanced,5,0.6,13,normal_0026,26,normal_event,4,normal,0,0.12280197818735121,0,normal,False,1.0
strict_no_event20_no_event67,fold_selected_compact13,logistic_balanced,5,0.6,13,normal_0028,28,normal_event,7,normal,0,0.6016089829165353,1,efd_possible,False,1.0
strict_no_event20_no_event67,fold_selected_compact13,logistic_balanced,5,0.6,13,normal_0031,31,normal_event,3,normal,0,0.12148800329782483,0,normal,False,1.0
strict_no_event20_no_event67,fold_selected_compact13,logistic_balanced,5,0.6,13,normal_0033,33,normal_event,3,normal,0,0.4941615763672206,0,normal,False,1.0
strict_no_event20_no_event67,fold_selected_compact13,logistic_balanced,5,0.6,13,normal_0046,46,normal_event,4,normal,0,0.03248074765901068,0,normal,False,1.0
strict_no_event20_no_event67,fold_selected_compact13,logistic_balanced,5,0.6,13,strict_positive_0010,10,fault_record,30,efd_possible,1,0.9999790962962241,1,efd_possible,False,1.0
strict_no_event20_no_event67,fold_selected_compact13,logistic_balanced,5,0.6,13,strict_positive_0015,15,fault_record,29,efd_possible,1,0.1348722797581612,0,normal,False,1.0
strict_no_event20_no_event67,fold_selected_compact13,logistic_balanced,5,0.6,13,strict_positive_0064,64,fault_record,6,efd_possible,1,0.8575550313133687,1,efd_possible,False,1.0
