dataset,target_class,policy_variant,feature_set,model,threshold,class_label,class_value,precision,recall,f1,support
activity_no_overlap,activity,no_overlap,compact13,dummy_most_frequent,0.4,normal,0,0.0,0.0,0.0,35
activity_no_overlap,activity,no_overlap,compact13,dummy_most_frequent,0.4,activity,1,0.5679012345679012,1.0,0.7244094488188977,46
activity_no_overlap,activity,no_overlap,compact13,dummy_most_frequent,0.5,normal,0,0.0,0.0,0.0,35
activity_no_overlap,activity,no_overlap,compact13,dummy_most_frequent,0.5,activity,1,0.5679012345679012,1.0,0.7244094488188977,46
activity_no_overlap,activity,no_overlap,compact13,dummy_most_frequent,0.6,normal,0,0.0,0.0,0.0,35
activity_no_overlap,activity,no_overlap,compact13,dummy_most_frequent,0.6,activity,1,0.5679012345679012,1.0,0.7244094488188977,46
activity_no_overlap,activity,no_overlap,compact13,lightgbm_balanced,0.4,normal,0,0.6666666666666666,0.5142857142857142,0.5806451612903226,35
activity_no_overlap,activity,no_overlap,compact13,lightgbm_balanced,0.4,activity,1,0.6851851851851852,0.8043478260869565,0.74,46
activity_no_overlap,activity,no_overlap,compact13,lightgbm_balanced,0.5,normal,0,0.6857142857142857,0.6857142857142857,0.6857142857142857,35
activity_no_overlap,activity,no_overlap,compact13,lightgbm_balanced,0.5,activity,1,0.7608695652173914,0.7608695652173914,0.7608695652173914,46
activity_no_overlap,activity,no_overlap,compact13,lightgbm_balanced,0.6,normal,0,0.6744186046511628,0.8285714285714286,0.7435897435897436,35
activity_no_overlap,activity,no_overlap,compact13,lightgbm_balanced,0.6,activity,1,0.8421052631578947,0.6956521739130435,0.7619047619047619,46
activity_no_overlap,activity,no_overlap,compact13,logistic_balanced,0.4,normal,0,0.4375,0.4,0.417910447761194,35
activity_no_overlap,activity,no_overlap,compact13,logistic_balanced,0.4,activity,1,0.5714285714285714,0.6086956521739131,0.5894736842105263,46
activity_no_overlap,activity,no_overlap,compact13,logistic_balanced,0.5,normal,0,0.46511627906976744,0.5714285714285714,0.5128205128205128,35
activity_no_overlap,activity,no_overlap,compact13,logistic_balanced,0.5,activity,1,0.6052631578947368,0.5,0.5476190476190477,46
activity_no_overlap,activity,no_overlap,compact13,logistic_balanced,0.6,normal,0,0.46296296296296297,0.7142857142857143,0.5617977528089888,35
activity_no_overlap,activity,no_overlap,compact13,logistic_balanced,0.6,activity,1,0.6296296296296297,0.3695652173913043,0.4657534246575342,46
activity_no_overlap,activity,no_overlap,compact13,xgboost_balanced,0.4,normal,0,0.7037037037037037,0.5428571428571428,0.6129032258064516,35
activity_no_overlap,activity,no_overlap,compact13,xgboost_balanced,0.4,activity,1,0.7037037037037037,0.8260869565217391,0.76,46
activity_no_overlap,activity,no_overlap,compact13,xgboost_balanced,0.5,normal,0,0.6410256410256411,0.7142857142857143,0.6756756756756757,35
activity_no_overlap,activity,no_overlap,compact13,xgboost_balanced,0.5,activity,1,0.7619047619047619,0.6956521739130435,0.7272727272727273,46
activity_no_overlap,activity,no_overlap,compact13,xgboost_balanced,0.6,normal,0,0.6382978723404256,0.8571428571428571,0.7317073170731707,35
activity_no_overlap,activity,no_overlap,compact13,xgboost_balanced,0.6,activity,1,0.8529411764705882,0.6304347826086957,0.725,46
activity_no_overlap,activity,no_overlap,expanded154,dummy_most_frequent,0.4,normal,0,0.0,0.0,0.0,35
activity_no_overlap,activity,no_overlap,expanded154,dummy_most_frequent,0.4,activity,1,0.5679012345679012,1.0,0.7244094488188977,46
activity_no_overlap,activity,no_overlap,expanded154,dummy_most_frequent,0.5,normal,0,0.0,0.0,0.0,35
activity_no_overlap,activity,no_overlap,expanded154,dummy_most_frequent,0.5,activity,1,0.5679012345679012,1.0,0.7244094488188977,46
activity_no_overlap,activity,no_overlap,expanded154,dummy_most_frequent,0.6,normal,0,0.0,0.0,0.0,35
activity_no_overlap,activity,no_overlap,expanded154,dummy_most_frequent,0.6,activity,1,0.5679012345679012,1.0,0.7244094488188977,46
activity_no_overlap,activity,no_overlap,expanded154,lightgbm_balanced,0.4,normal,0,0.6875,0.6285714285714286,0.6567164179104478,35
activity_no_overlap,activity,no_overlap,expanded154,lightgbm_balanced,0.4,activity,1,0.7346938775510204,0.782608695652174,0.7578947368421053,46
activity_no_overlap,activity,no_overlap,expanded154,lightgbm_balanced,0.5,normal,0,0.6666666666666666,0.6857142857142857,0.676056338028169,35
activity_no_overlap,activity,no_overlap,expanded154,lightgbm_balanced,0.5,activity,1,0.7555555555555555,0.7391304347826086,0.7472527472527473,46
activity_no_overlap,activity,no_overlap,expanded154,lightgbm_balanced,0.6,normal,0,0.7073170731707317,0.8285714285714286,0.7631578947368421,35
activity_no_overlap,activity,no_overlap,expanded154,lightgbm_balanced,0.6,activity,1,0.85,0.7391304347826086,0.7906976744186046,46
activity_no_overlap,activity,no_overlap,expanded154,logistic_balanced,0.4,normal,0,0.6666666666666666,0.7428571428571429,0.7027027027027027,35
activity_no_overlap,activity,no_overlap,expanded154,logistic_balanced,0.4,activity,1,0.7857142857142857,0.717391304347826,0.75,46
activity_no_overlap,activity,no_overlap,expanded154,logistic_balanced,0.5,normal,0,0.6585365853658537,0.7714285714285715,0.7105263157894737,35
activity_no_overlap,activity,no_overlap,expanded154,logistic_balanced,0.5,activity,1,0.8,0.6956521739130435,0.7441860465116279,46
activity_no_overlap,activity,no_overlap,expanded154,logistic_balanced,0.6,normal,0,0.6744186046511628,0.8285714285714286,0.7435897435897436,35
activity_no_overlap,activity,no_overlap,expanded154,logistic_balanced,0.6,activity,1,0.8421052631578947,0.6956521739130435,0.7619047619047619,46
activity_no_overlap,activity,no_overlap,expanded154,xgboost_balanced,0.4,normal,0,0.6176470588235294,0.6,0.6086956521739131,35
activity_no_overlap,activity,no_overlap,expanded154,xgboost_balanced,0.4,activity,1,0.7021276595744681,0.717391304347826,0.7096774193548387,46
activity_no_overlap,activity,no_overlap,expanded154,xgboost_balanced,0.5,normal,0,0.6410256410256411,0.7142857142857143,0.6756756756756757,35
activity_no_overlap,activity,no_overlap,expanded154,xgboost_balanced,0.5,activity,1,0.7619047619047619,0.6956521739130435,0.7272727272727273,46
activity_no_overlap,activity,no_overlap,expanded154,xgboost_balanced,0.6,normal,0,0.6521739130434783,0.8571428571428571,0.7407407407407407,35
activity_no_overlap,activity,no_overlap,expanded154,xgboost_balanced,0.6,activity,1,0.8571428571428571,0.6521739130434783,0.7407407407407407,46
activity_post_all,activity,post_all,compact13,dummy_most_frequent,0.4,normal,0,0.0,0.0,0.0,35
activity_post_all,activity,post_all,compact13,dummy_most_frequent,0.4,activity,1,0.5679012345679012,1.0,0.7244094488188977,46
activity_post_all,activity,post_all,compact13,dummy_most_frequent,0.5,normal,0,0.0,0.0,0.0,35
activity_post_all,activity,post_all,compact13,dummy_most_frequent,0.5,activity,1,0.5679012345679012,1.0,0.7244094488188977,46
activity_post_all,activity,post_all,compact13,dummy_most_frequent,0.6,normal,0,0.0,0.0,0.0,35
activity_post_all,activity,post_all,compact13,dummy_most_frequent,0.6,activity,1,0.5679012345679012,1.0,0.7244094488188977,46
activity_post_all,activity,post_all,compact13,lightgbm_balanced,0.4,normal,0,0.5517241379310345,0.45714285714285713,0.5,35
activity_post_all,activity,post_all,compact13,lightgbm_balanced,0.4,activity,1,0.6346153846153846,0.717391304347826,0.673469387755102,46
activity_post_all,activity,post_all,compact13,lightgbm_balanced,0.5,normal,0,0.5263157894736842,0.5714285714285714,0.547945205479452,35
activity_post_all,activity,post_all,compact13,lightgbm_balanced,0.5,activity,1,0.6511627906976745,0.6086956521739131,0.6292134831460674,46
activity_post_all,activity,post_all,compact13,lightgbm_balanced,0.6,normal,0,0.4782608695652174,0.6285714285714286,0.5432098765432098,35
activity_post_all,activity,post_all,compact13,lightgbm_balanced,0.6,activity,1,0.6285714285714286,0.4782608695652174,0.5432098765432098,46
activity_post_all,activity,post_all,compact13,logistic_balanced,0.4,normal,0,0.375,0.2571428571428571,0.3050847457627119,35
activity_post_all,activity,post_all,compact13,logistic_balanced,0.4,activity,1,0.543859649122807,0.6739130434782609,0.6019417475728155,46
activity_post_all,activity,post_all,compact13,logistic_balanced,0.5,normal,0,0.3181818181818182,0.4,0.35443037974683544,35
activity_post_all,activity,post_all,compact13,logistic_balanced,0.5,activity,1,0.43243243243243246,0.34782608695652173,0.3855421686746988,46
activity_post_all,activity,post_all,compact13,logistic_balanced,0.6,normal,0,0.3770491803278688,0.6571428571428571,0.4791666666666667,35
activity_post_all,activity,post_all,compact13,logistic_balanced,0.6,activity,1,0.4,0.17391304347826086,0.24242424242424243,46
activity_post_all,activity,post_all,compact13,xgboost_balanced,0.4,normal,0,0.5,0.37142857142857144,0.4262295081967213,35
activity_post_all,activity,post_all,compact13,xgboost_balanced,0.4,activity,1,0.6,0.717391304347826,0.6534653465346535,46
activity_post_all,activity,post_all,compact13,xgboost_balanced,0.5,normal,0,0.5151515151515151,0.4857142857142857,0.5,35
activity_post_all,activity,post_all,compact13,xgboost_balanced,0.5,activity,1,0.625,0.6521739130434783,0.6382978723404256,46
activity_post_all,activity,post_all,compact13,xgboost_balanced,0.6,normal,0,0.5,0.6857142857142857,0.5783132530120482,35
activity_post_all,activity,post_all,compact13,xgboost_balanced,0.6,activity,1,0.6666666666666666,0.4782608695652174,0.5569620253164557,46
activity_post_all,activity,post_all,expanded154,dummy_most_frequent,0.4,normal,0,0.0,0.0,0.0,35
activity_post_all,activity,post_all,expanded154,dummy_most_frequent,0.4,activity,1,0.5679012345679012,1.0,0.7244094488188977,46
activity_post_all,activity,post_all,expanded154,dummy_most_frequent,0.5,normal,0,0.0,0.0,0.0,35
activity_post_all,activity,post_all,expanded154,dummy_most_frequent,0.5,activity,1,0.5679012345679012,1.0,0.7244094488188977,46
activity_post_all,activity,post_all,expanded154,dummy_most_frequent,0.6,normal,0,0.0,0.0,0.0,35
activity_post_all,activity,post_all,expanded154,dummy_most_frequent,0.6,activity,1,0.5679012345679012,1.0,0.7244094488188977,46
activity_post_all,activity,post_all,expanded154,lightgbm_balanced,0.4,normal,0,0.6071428571428571,0.4857142857142857,0.5396825396825397,35
activity_post_all,activity,post_all,expanded154,lightgbm_balanced,0.4,activity,1,0.660377358490566,0.7608695652173914,0.7070707070707071,46
activity_post_all,activity,post_all,expanded154,lightgbm_balanced,0.5,normal,0,0.6363636363636364,0.6,0.6176470588235294,35
activity_post_all,activity,post_all,expanded154,lightgbm_balanced,0.5,activity,1,0.7083333333333334,0.7391304347826086,0.723404255319149,46
activity_post_all,activity,post_all,expanded154,lightgbm_balanced,0.6,normal,0,0.625,0.7142857142857143,0.6666666666666666,35
activity_post_all,activity,post_all,expanded154,lightgbm_balanced,0.6,activity,1,0.7560975609756098,0.6739130434782609,0.7126436781609196,46
activity_post_all,activity,post_all,expanded154,logistic_balanced,0.4,normal,0,0.6333333333333333,0.5428571428571428,0.5846153846153846,35
activity_post_all,activity,post_all,expanded154,logistic_balanced,0.4,activity,1,0.6862745098039216,0.7608695652173914,0.7216494845360825,46
activity_post_all,activity,post_all,expanded154,logistic_balanced,0.5,normal,0,0.6176470588235294,0.6,0.6086956521739131,35
activity_post_all,activity,post_all,expanded154,logistic_balanced,0.5,activity,1,0.7021276595744681,0.717391304347826,0.7096774193548387,46
activity_post_all,activity,post_all,expanded154,logistic_balanced,0.6,normal,0,0.6153846153846154,0.6857142857142857,0.6486486486486487,35
activity_post_all,activity,post_all,expanded154,logistic_balanced,0.6,activity,1,0.7380952380952381,0.6739130434782609,0.7045454545454546,46
activity_post_all,activity,post_all,expanded154,xgboost_balanced,0.4,normal,0,0.6785714285714286,0.5428571428571428,0.6031746031746031,35
activity_post_all,activity,post_all,expanded154,xgboost_balanced,0.4,activity,1,0.6981132075471698,0.8043478260869565,0.7474747474747475,46
activity_post_all,activity,post_all,expanded154,xgboost_balanced,0.5,normal,0,0.6842105263157895,0.7428571428571429,0.7123287671232876,35
activity_post_all,activity,post_all,expanded154,xgboost_balanced,0.5,activity,1,0.7906976744186046,0.7391304347826086,0.7640449438202247,46
activity_post_all,activity,post_all,expanded154,xgboost_balanced,0.6,normal,0,0.6666666666666666,0.8571428571428571,0.75,35
activity_post_all,activity,post_all,expanded154,xgboost_balanced,0.6,activity,1,0.8611111111111112,0.6739130434782609,0.7560975609756098,46
activity_pre_all,activity,pre_all,compact13,dummy_most_frequent,0.4,normal,0,0.0,0.0,0.0,35
activity_pre_all,activity,pre_all,compact13,dummy_most_frequent,0.4,activity,1,0.573170731707317,1.0,0.7286821705426356,47
activity_pre_all,activity,pre_all,compact13,dummy_most_frequent,0.5,normal,0,0.0,0.0,0.0,35
activity_pre_all,activity,pre_all,compact13,dummy_most_frequent,0.5,activity,1,0.573170731707317,1.0,0.7286821705426356,47
activity_pre_all,activity,pre_all,compact13,dummy_most_frequent,0.6,normal,0,0.0,0.0,0.0,35
activity_pre_all,activity,pre_all,compact13,dummy_most_frequent,0.6,activity,1,0.573170731707317,1.0,0.7286821705426356,47
activity_pre_all,activity,pre_all,compact13,lightgbm_balanced,0.4,normal,0,0.6071428571428571,0.4857142857142857,0.5396825396825397,35
activity_pre_all,activity,pre_all,compact13,lightgbm_balanced,0.4,activity,1,0.6666666666666666,0.7659574468085106,0.7128712871287128,47
activity_pre_all,activity,pre_all,compact13,lightgbm_balanced,0.5,normal,0,0.5833333333333334,0.6,0.5915492957746479,35
activity_pre_all,activity,pre_all,compact13,lightgbm_balanced,0.5,activity,1,0.6956521739130435,0.6808510638297872,0.6881720430107527,47
activity_pre_all,activity,pre_all,compact13,lightgbm_balanced,0.6,normal,0,0.6,0.8571428571428571,0.7058823529411765,35
activity_pre_all,activity,pre_all,compact13,lightgbm_balanced,0.6,activity,1,0.84375,0.574468085106383,0.6835443037974683,47
activity_pre_all,activity,pre_all,compact13,logistic_balanced,0.4,normal,0,0.5151515151515151,0.4857142857142857,0.5,35
activity_pre_all,activity,pre_all,compact13,logistic_balanced,0.4,activity,1,0.6326530612244898,0.6595744680851063,0.6458333333333334,47
activity_pre_all,activity,pre_all,compact13,logistic_balanced,0.5,normal,0,0.4523809523809524,0.5428571428571428,0.4935064935064935,35
activity_pre_all,activity,pre_all,compact13,logistic_balanced,0.5,activity,1,0.6,0.5106382978723404,0.5517241379310345,47
activity_pre_all,activity,pre_all,compact13,logistic_balanced,0.6,normal,0,0.4423076923076923,0.6571428571428571,0.5287356321839081,35
activity_pre_all,activity,pre_all,compact13,logistic_balanced,0.6,activity,1,0.6,0.3829787234042553,0.4675324675324675,47
activity_pre_all,activity,pre_all,compact13,xgboost_balanced,0.4,normal,0,0.6896551724137931,0.5714285714285714,0.625,35
activity_pre_all,activity,pre_all,compact13,xgboost_balanced,0.4,activity,1,0.7169811320754716,0.8085106382978723,0.76,47
activity_pre_all,activity,pre_all,compact13,xgboost_balanced,0.5,normal,0,0.6410256410256411,0.7142857142857143,0.6756756756756757,35
activity_pre_all,activity,pre_all,compact13,xgboost_balanced,0.5,activity,1,0.7674418604651163,0.7021276595744681,0.7333333333333333,47
activity_pre_all,activity,pre_all,compact13,xgboost_balanced,0.6,normal,0,0.6122448979591837,0.8571428571428571,0.7142857142857143,35
activity_pre_all,activity,pre_all,compact13,xgboost_balanced,0.6,activity,1,0.8484848484848485,0.5957446808510638,0.7,47
activity_pre_all,activity,pre_all,expanded154,dummy_most_frequent,0.4,normal,0,0.0,0.0,0.0,35
activity_pre_all,activity,pre_all,expanded154,dummy_most_frequent,0.4,activity,1,0.573170731707317,1.0,0.7286821705426356,47
activity_pre_all,activity,pre_all,expanded154,dummy_most_frequent,0.5,normal,0,0.0,0.0,0.0,35
activity_pre_all,activity,pre_all,expanded154,dummy_most_frequent,0.5,activity,1,0.573170731707317,1.0,0.7286821705426356,47
activity_pre_all,activity,pre_all,expanded154,dummy_most_frequent,0.6,normal,0,0.0,0.0,0.0,35
activity_pre_all,activity,pre_all,expanded154,dummy_most_frequent,0.6,activity,1,0.573170731707317,1.0,0.7286821705426356,47
activity_pre_all,activity,pre_all,expanded154,lightgbm_balanced,0.4,normal,0,0.5833333333333334,0.6,0.5915492957746479,35
activity_pre_all,activity,pre_all,expanded154,lightgbm_balanced,0.4,activity,1,0.6956521739130435,0.6808510638297872,0.6881720430107527,47
activity_pre_all,activity,pre_all,expanded154,lightgbm_balanced,0.5,normal,0,0.6190476190476191,0.7428571428571429,0.6753246753246753,35
activity_pre_all,activity,pre_all,expanded154,lightgbm_balanced,0.5,activity,1,0.775,0.6595744680851063,0.7126436781609196,47
activity_pre_all,activity,pre_all,expanded154,lightgbm_balanced,0.6,normal,0,0.6444444444444445,0.8285714285714286,0.725,35
activity_pre_all,activity,pre_all,expanded154,lightgbm_balanced,0.6,activity,1,0.8378378378378378,0.6595744680851063,0.7380952380952381,47
activity_pre_all,activity,pre_all,expanded154,logistic_balanced,0.4,normal,0,0.7714285714285715,0.7714285714285715,0.7714285714285715,35
activity_pre_all,activity,pre_all,expanded154,logistic_balanced,0.4,activity,1,0.8297872340425532,0.8297872340425532,0.8297872340425532,47
activity_pre_all,activity,pre_all,expanded154,logistic_balanced,0.5,normal,0,0.7368421052631579,0.8,0.7671232876712328,35
activity_pre_all,activity,pre_all,expanded154,logistic_balanced,0.5,activity,1,0.8409090909090909,0.7872340425531915,0.8131868131868132,47
activity_pre_all,activity,pre_all,expanded154,logistic_balanced,0.6,normal,0,0.7435897435897436,0.8285714285714286,0.7837837837837838,35
activity_pre_all,activity,pre_all,expanded154,logistic_balanced,0.6,activity,1,0.8604651162790697,0.7872340425531915,0.8222222222222222,47
activity_pre_all,activity,pre_all,expanded154,xgboost_balanced,0.4,normal,0,0.6111111111111112,0.6285714285714286,0.6197183098591549,35
activity_pre_all,activity,pre_all,expanded154,xgboost_balanced,0.4,activity,1,0.717391304347826,0.7021276595744681,0.7096774193548387,47
activity_pre_all,activity,pre_all,expanded154,xgboost_balanced,0.5,normal,0,0.6190476190476191,0.7428571428571429,0.6753246753246753,35
activity_pre_all,activity,pre_all,expanded154,xgboost_balanced,0.5,activity,1,0.775,0.6595744680851063,0.7126436781609196,47
activity_pre_all,activity,pre_all,expanded154,xgboost_balanced,0.6,normal,0,0.6530612244897959,0.9142857142857143,0.7619047619047619,35
activity_pre_all,activity,pre_all,expanded154,xgboost_balanced,0.6,activity,1,0.9090909090909091,0.6382978723404256,0.75,47
fault_no_overlap,fault,no_overlap,compact13,dummy_most_frequent,0.4,normal,0,0.0,0.0,0.0,35
fault_no_overlap,fault,no_overlap,compact13,dummy_most_frequent,0.4,fault,1,0.6111111111111112,1.0,0.7586206896551724,55
fault_no_overlap,fault,no_overlap,compact13,dummy_most_frequent,0.5,normal,0,0.0,0.0,0.0,35
fault_no_overlap,fault,no_overlap,compact13,dummy_most_frequent,0.5,fault,1,0.6111111111111112,1.0,0.7586206896551724,55
fault_no_overlap,fault,no_overlap,compact13,dummy_most_frequent,0.6,normal,0,0.0,0.0,0.0,35
fault_no_overlap,fault,no_overlap,compact13,dummy_most_frequent,0.6,fault,1,0.6111111111111112,1.0,0.7586206896551724,55
fault_no_overlap,fault,no_overlap,compact13,lightgbm_balanced,0.4,normal,0,0.7931034482758621,0.6571428571428571,0.71875,35
fault_no_overlap,fault,no_overlap,compact13,lightgbm_balanced,0.4,fault,1,0.8032786885245902,0.8909090909090909,0.8448275862068966,55
fault_no_overlap,fault,no_overlap,compact13,lightgbm_balanced,0.5,normal,0,0.7428571428571429,0.7428571428571429,0.7428571428571429,35
fault_no_overlap,fault,no_overlap,compact13,lightgbm_balanced,0.5,fault,1,0.8363636363636363,0.8363636363636363,0.8363636363636363,55
fault_no_overlap,fault,no_overlap,compact13,lightgbm_balanced,0.6,normal,0,0.7222222222222222,0.7428571428571429,0.7323943661971831,35
fault_no_overlap,fault,no_overlap,compact13,lightgbm_balanced,0.6,fault,1,0.8333333333333334,0.8181818181818182,0.8256880733944955,55
fault_no_overlap,fault,no_overlap,compact13,logistic_balanced,0.4,normal,0,0.7575757575757576,0.7142857142857143,0.7352941176470589,35
fault_no_overlap,fault,no_overlap,compact13,logistic_balanced,0.4,fault,1,0.8245614035087719,0.8545454545454545,0.8392857142857143,55
fault_no_overlap,fault,no_overlap,compact13,logistic_balanced,0.5,normal,0,0.65,0.7428571428571429,0.6933333333333334,35
fault_no_overlap,fault,no_overlap,compact13,logistic_balanced,0.5,fault,1,0.82,0.7454545454545455,0.780952380952381,55
fault_no_overlap,fault,no_overlap,compact13,logistic_balanced,0.6,normal,0,0.6,0.8571428571428571,0.7058823529411765,35
fault_no_overlap,fault,no_overlap,compact13,logistic_balanced,0.6,fault,1,0.875,0.6363636363636364,0.7368421052631579,55
fault_no_overlap,fault,no_overlap,compact13,xgboost_balanced,0.4,normal,0,0.7857142857142857,0.6285714285714286,0.6984126984126984,35
fault_no_overlap,fault,no_overlap,compact13,xgboost_balanced,0.4,fault,1,0.7903225806451613,0.8909090909090909,0.8376068376068376,55
fault_no_overlap,fault,no_overlap,compact13,xgboost_balanced,0.5,normal,0,0.8064516129032258,0.7142857142857143,0.7575757575757576,35
fault_no_overlap,fault,no_overlap,compact13,xgboost_balanced,0.5,fault,1,0.8305084745762712,0.8909090909090909,0.8596491228070176,55
fault_no_overlap,fault,no_overlap,compact13,xgboost_balanced,0.6,normal,0,0.7,0.8,0.7466666666666667,35
fault_no_overlap,fault,no_overlap,compact13,xgboost_balanced,0.6,fault,1,0.86,0.7818181818181819,0.819047619047619,55
fault_no_overlap,fault,no_overlap,expanded154,dummy_most_frequent,0.4,normal,0,0.0,0.0,0.0,35
fault_no_overlap,fault,no_overlap,expanded154,dummy_most_frequent,0.4,fault,1,0.6111111111111112,1.0,0.7586206896551724,55
fault_no_overlap,fault,no_overlap,expanded154,dummy_most_frequent,0.5,normal,0,0.0,0.0,0.0,35
fault_no_overlap,fault,no_overlap,expanded154,dummy_most_frequent,0.5,fault,1,0.6111111111111112,1.0,0.7586206896551724,55
fault_no_overlap,fault,no_overlap,expanded154,dummy_most_frequent,0.6,normal,0,0.0,0.0,0.0,35
fault_no_overlap,fault,no_overlap,expanded154,dummy_most_frequent,0.6,fault,1,0.6111111111111112,1.0,0.7586206896551724,55
fault_no_overlap,fault,no_overlap,expanded154,lightgbm_balanced,0.4,normal,0,0.9583333333333334,0.6571428571428571,0.7796610169491526,35
fault_no_overlap,fault,no_overlap,expanded154,lightgbm_balanced,0.4,fault,1,0.8181818181818182,0.9818181818181818,0.8925619834710744,55
fault_no_overlap,fault,no_overlap,expanded154,lightgbm_balanced,0.5,normal,0,0.7878787878787878,0.7428571428571429,0.7647058823529411,35
fault_no_overlap,fault,no_overlap,expanded154,lightgbm_balanced,0.5,fault,1,0.8421052631578947,0.8727272727272727,0.8571428571428571,55
fault_no_overlap,fault,no_overlap,expanded154,lightgbm_balanced,0.6,normal,0,0.7631578947368421,0.8285714285714286,0.7945205479452054,35
fault_no_overlap,fault,no_overlap,expanded154,lightgbm_balanced,0.6,fault,1,0.8846153846153846,0.8363636363636363,0.8598130841121495,55
fault_no_overlap,fault,no_overlap,expanded154,logistic_balanced,0.4,normal,0,0.5945945945945946,0.6285714285714286,0.6111111111111112,35
fault_no_overlap,fault,no_overlap,expanded154,logistic_balanced,0.4,fault,1,0.7547169811320755,0.7272727272727273,0.7407407407407407,55
fault_no_overlap,fault,no_overlap,expanded154,logistic_balanced,0.5,normal,0,0.6153846153846154,0.6857142857142857,0.6486486486486487,35
fault_no_overlap,fault,no_overlap,expanded154,logistic_balanced,0.5,fault,1,0.7843137254901961,0.7272727272727273,0.7547169811320755,55
fault_no_overlap,fault,no_overlap,expanded154,logistic_balanced,0.6,normal,0,0.627906976744186,0.7714285714285715,0.6923076923076923,35
fault_no_overlap,fault,no_overlap,expanded154,logistic_balanced,0.6,fault,1,0.8297872340425532,0.7090909090909091,0.7647058823529411,55
fault_no_overlap,fault,no_overlap,expanded154,xgboost_balanced,0.4,normal,0,0.9130434782608695,0.6,0.7241379310344828,35
fault_no_overlap,fault,no_overlap,expanded154,xgboost_balanced,0.4,fault,1,0.7910447761194029,0.9636363636363636,0.8688524590163934,55
fault_no_overlap,fault,no_overlap,expanded154,xgboost_balanced,0.5,normal,0,0.8620689655172413,0.7142857142857143,0.78125,35
fault_no_overlap,fault,no_overlap,expanded154,xgboost_balanced,0.5,fault,1,0.8360655737704918,0.9272727272727272,0.8793103448275862,55
fault_no_overlap,fault,no_overlap,expanded154,xgboost_balanced,0.6,normal,0,0.6904761904761905,0.8285714285714286,0.7532467532467533,35
fault_no_overlap,fault,no_overlap,expanded154,xgboost_balanced,0.6,fault,1,0.875,0.7636363636363637,0.8155339805825242,55
task_no_overlap,task,no_overlap,compact13,dummy_most_frequent,0.4,normal,0,0.0,0.0,0.0,35
task_no_overlap,task,no_overlap,compact13,dummy_most_frequent,0.4,task,1,0.5138888888888888,1.0,0.6788990825688074,37
task_no_overlap,task,no_overlap,compact13,dummy_most_frequent,0.5,normal,0,0.0,0.0,0.0,35
task_no_overlap,task,no_overlap,compact13,dummy_most_frequent,0.5,task,1,0.5138888888888888,1.0,0.6788990825688074,37
task_no_overlap,task,no_overlap,compact13,dummy_most_frequent,0.6,normal,0,0.0,0.0,0.0,35
task_no_overlap,task,no_overlap,compact13,dummy_most_frequent,0.6,task,1,0.5138888888888888,1.0,0.6788990825688074,37
task_no_overlap,task,no_overlap,compact13,lightgbm_balanced,0.4,normal,0,0.7142857142857143,0.5714285714285714,0.6349206349206349,35
task_no_overlap,task,no_overlap,compact13,lightgbm_balanced,0.4,task,1,0.6590909090909091,0.7837837837837838,0.7160493827160493,37
task_no_overlap,task,no_overlap,compact13,lightgbm_balanced,0.5,normal,0,0.696969696969697,0.6571428571428571,0.6764705882352942,35
task_no_overlap,task,no_overlap,compact13,lightgbm_balanced,0.5,task,1,0.6923076923076923,0.7297297297297297,0.7105263157894737,37
task_no_overlap,task,no_overlap,compact13,lightgbm_balanced,0.6,normal,0,0.6153846153846154,0.6857142857142857,0.6486486486486487,35
task_no_overlap,task,no_overlap,compact13,lightgbm_balanced,0.6,task,1,0.6666666666666666,0.5945945945945946,0.6285714285714286,37
task_no_overlap,task,no_overlap,compact13,logistic_balanced,0.4,normal,0,0.7407407407407407,0.5714285714285714,0.6451612903225806,35
task_no_overlap,task,no_overlap,compact13,logistic_balanced,0.4,task,1,0.6666666666666666,0.8108108108108109,0.7317073170731707,37
task_no_overlap,task,no_overlap,compact13,logistic_balanced,0.5,normal,0,0.6666666666666666,0.6285714285714286,0.6470588235294118,35
task_no_overlap,task,no_overlap,compact13,logistic_balanced,0.5,task,1,0.6666666666666666,0.7027027027027027,0.6842105263157895,37
task_no_overlap,task,no_overlap,compact13,logistic_balanced,0.6,normal,0,0.6578947368421053,0.7142857142857143,0.684931506849315,35
task_no_overlap,task,no_overlap,compact13,logistic_balanced,0.6,task,1,0.7058823529411765,0.6486486486486487,0.676056338028169,37
task_no_overlap,task,no_overlap,compact13,xgboost_balanced,0.4,normal,0,0.7142857142857143,0.5714285714285714,0.6349206349206349,35
task_no_overlap,task,no_overlap,compact13,xgboost_balanced,0.4,task,1,0.6590909090909091,0.7837837837837838,0.7160493827160493,37
task_no_overlap,task,no_overlap,compact13,xgboost_balanced,0.5,normal,0,0.6666666666666666,0.6285714285714286,0.6470588235294118,35
task_no_overlap,task,no_overlap,compact13,xgboost_balanced,0.5,task,1,0.6666666666666666,0.7027027027027027,0.6842105263157895,37
task_no_overlap,task,no_overlap,compact13,xgboost_balanced,0.6,normal,0,0.6578947368421053,0.7142857142857143,0.684931506849315,35
task_no_overlap,task,no_overlap,compact13,xgboost_balanced,0.6,task,1,0.7058823529411765,0.6486486486486487,0.676056338028169,37
task_no_overlap,task,no_overlap,expanded154,dummy_most_frequent,0.4,normal,0,0.0,0.0,0.0,35
task_no_overlap,task,no_overlap,expanded154,dummy_most_frequent,0.4,task,1,0.5138888888888888,1.0,0.6788990825688074,37
task_no_overlap,task,no_overlap,expanded154,dummy_most_frequent,0.5,normal,0,0.0,0.0,0.0,35
task_no_overlap,task,no_overlap,expanded154,dummy_most_frequent,0.5,task,1,0.5138888888888888,1.0,0.6788990825688074,37
task_no_overlap,task,no_overlap,expanded154,dummy_most_frequent,0.6,normal,0,0.0,0.0,0.0,35
task_no_overlap,task,no_overlap,expanded154,dummy_most_frequent,0.6,task,1,0.5138888888888888,1.0,0.6788990825688074,37
task_no_overlap,task,no_overlap,expanded154,lightgbm_balanced,0.4,normal,0,0.5714285714285714,0.45714285714285713,0.5079365079365079,35
task_no_overlap,task,no_overlap,expanded154,lightgbm_balanced,0.4,task,1,0.5681818181818182,0.6756756756756757,0.6172839506172839,37
task_no_overlap,task,no_overlap,expanded154,lightgbm_balanced,0.5,normal,0,0.5588235294117647,0.5428571428571428,0.5507246376811594,35
task_no_overlap,task,no_overlap,expanded154,lightgbm_balanced,0.5,task,1,0.5789473684210527,0.5945945945945946,0.5866666666666667,37
task_no_overlap,task,no_overlap,expanded154,lightgbm_balanced,0.6,normal,0,0.5853658536585366,0.6857142857142857,0.631578947368421,35
task_no_overlap,task,no_overlap,expanded154,lightgbm_balanced,0.6,task,1,0.6451612903225806,0.5405405405405406,0.5882352941176471,37
task_no_overlap,task,no_overlap,expanded154,logistic_balanced,0.4,normal,0,0.6176470588235294,0.6,0.6086956521739131,35
task_no_overlap,task,no_overlap,expanded154,logistic_balanced,0.4,task,1,0.631578947368421,0.6486486486486487,0.64,37
task_no_overlap,task,no_overlap,expanded154,logistic_balanced,0.5,normal,0,0.5833333333333334,0.6,0.5915492957746479,35
task_no_overlap,task,no_overlap,expanded154,logistic_balanced,0.5,task,1,0.6111111111111112,0.5945945945945946,0.6027397260273972,37
task_no_overlap,task,no_overlap,expanded154,logistic_balanced,0.6,normal,0,0.5897435897435898,0.6571428571428571,0.6216216216216216,35
task_no_overlap,task,no_overlap,expanded154,logistic_balanced,0.6,task,1,0.6363636363636364,0.5675675675675675,0.6,37
task_no_overlap,task,no_overlap,expanded154,xgboost_balanced,0.4,normal,0,0.6190476190476191,0.37142857142857144,0.4642857142857143,35
task_no_overlap,task,no_overlap,expanded154,xgboost_balanced,0.4,task,1,0.5686274509803921,0.7837837837837838,0.6590909090909091,37
task_no_overlap,task,no_overlap,expanded154,xgboost_balanced,0.5,normal,0,0.5483870967741935,0.4857142857142857,0.5151515151515151,35
task_no_overlap,task,no_overlap,expanded154,xgboost_balanced,0.5,task,1,0.5609756097560976,0.6216216216216216,0.5897435897435898,37
task_no_overlap,task,no_overlap,expanded154,xgboost_balanced,0.6,normal,0,0.5897435897435898,0.6571428571428571,0.6216216216216216,35
task_no_overlap,task,no_overlap,expanded154,xgboost_balanced,0.6,task,1,0.6363636363636364,0.5675675675675675,0.6,37
task_post_all,task,post_all,compact13,dummy_most_frequent,0.4,normal,0,0.0,0.0,0.0,35
task_post_all,task,post_all,compact13,dummy_most_frequent,0.4,task,1,0.5394736842105263,1.0,0.7008547008547008,41
task_post_all,task,post_all,compact13,dummy_most_frequent,0.5,normal,0,0.0,0.0,0.0,35
task_post_all,task,post_all,compact13,dummy_most_frequent,0.5,task,1,0.5394736842105263,1.0,0.7008547008547008,41
task_post_all,task,post_all,compact13,dummy_most_frequent,0.6,normal,0,0.0,0.0,0.0,35
task_post_all,task,post_all,compact13,dummy_most_frequent,0.6,task,1,0.5394736842105263,1.0,0.7008547008547008,41
task_post_all,task,post_all,compact13,lightgbm_balanced,0.4,normal,0,0.6176470588235294,0.6,0.6086956521739131,35
task_post_all,task,post_all,compact13,lightgbm_balanced,0.4,task,1,0.6666666666666666,0.6829268292682927,0.6746987951807228,41
task_post_all,task,post_all,compact13,lightgbm_balanced,0.5,normal,0,0.6111111111111112,0.6285714285714286,0.6197183098591549,35
task_post_all,task,post_all,compact13,lightgbm_balanced,0.5,task,1,0.675,0.6585365853658537,0.6666666666666666,41
task_post_all,task,post_all,compact13,lightgbm_balanced,0.6,normal,0,0.5813953488372093,0.7142857142857143,0.6410256410256411,35
task_post_all,task,post_all,compact13,lightgbm_balanced,0.6,task,1,0.696969696969697,0.5609756097560976,0.6216216216216216,41
task_post_all,task,post_all,compact13,logistic_balanced,0.4,normal,0,0.696969696969697,0.6571428571428571,0.6764705882352942,35
task_post_all,task,post_all,compact13,logistic_balanced,0.4,task,1,0.7209302325581395,0.7560975609756098,0.7380952380952381,41
task_post_all,task,post_all,compact13,logistic_balanced,0.5,normal,0,0.6571428571428571,0.6571428571428571,0.6571428571428571,35
task_post_all,task,post_all,compact13,logistic_balanced,0.5,task,1,0.7073170731707317,0.7073170731707317,0.7073170731707317,41
task_post_all,task,post_all,compact13,logistic_balanced,0.6,normal,0,0.6097560975609756,0.7142857142857143,0.6578947368421053,35
task_post_all,task,post_all,compact13,logistic_balanced,0.6,task,1,0.7142857142857143,0.6097560975609756,0.6578947368421053,41
task_post_all,task,post_all,compact13,xgboost_balanced,0.4,normal,0,0.7058823529411765,0.6857142857142857,0.6956521739130435,35
task_post_all,task,post_all,compact13,xgboost_balanced,0.4,task,1,0.7380952380952381,0.7560975609756098,0.7469879518072289,41
task_post_all,task,post_all,compact13,xgboost_balanced,0.5,normal,0,0.65,0.7428571428571429,0.6933333333333334,35
task_post_all,task,post_all,compact13,xgboost_balanced,0.5,task,1,0.75,0.6585365853658537,0.7012987012987013,41
task_post_all,task,post_all,compact13,xgboost_balanced,0.6,normal,0,0.5869565217391305,0.7714285714285715,0.6666666666666666,35
task_post_all,task,post_all,compact13,xgboost_balanced,0.6,task,1,0.7333333333333333,0.5365853658536586,0.6197183098591549,41
task_post_all,task,post_all,expanded154,dummy_most_frequent,0.4,normal,0,0.0,0.0,0.0,35
task_post_all,task,post_all,expanded154,dummy_most_frequent,0.4,task,1,0.5394736842105263,1.0,0.7008547008547008,41
task_post_all,task,post_all,expanded154,dummy_most_frequent,0.5,normal,0,0.0,0.0,0.0,35
task_post_all,task,post_all,expanded154,dummy_most_frequent,0.5,task,1,0.5394736842105263,1.0,0.7008547008547008,41
task_post_all,task,post_all,expanded154,dummy_most_frequent,0.6,normal,0,0.0,0.0,0.0,35
task_post_all,task,post_all,expanded154,dummy_most_frequent,0.6,task,1,0.5394736842105263,1.0,0.7008547008547008,41
task_post_all,task,post_all,expanded154,lightgbm_balanced,0.4,normal,0,0.65625,0.6,0.6268656716417911,35
task_post_all,task,post_all,expanded154,lightgbm_balanced,0.4,task,1,0.6818181818181818,0.7317073170731707,0.7058823529411765,41
task_post_all,task,post_all,expanded154,lightgbm_balanced,0.5,normal,0,0.6410256410256411,0.7142857142857143,0.6756756756756757,35
task_post_all,task,post_all,expanded154,lightgbm_balanced,0.5,task,1,0.7297297297297297,0.6585365853658537,0.6923076923076923,41
task_post_all,task,post_all,expanded154,lightgbm_balanced,0.6,normal,0,0.6136363636363636,0.7714285714285715,0.6835443037974683,35
task_post_all,task,post_all,expanded154,lightgbm_balanced,0.6,task,1,0.75,0.5853658536585366,0.6575342465753424,41
task_post_all,task,post_all,expanded154,logistic_balanced,0.4,normal,0,0.55,0.6285714285714286,0.5866666666666667,35
task_post_all,task,post_all,expanded154,logistic_balanced,0.4,task,1,0.6388888888888888,0.5609756097560976,0.5974025974025974,41
task_post_all,task,post_all,expanded154,logistic_balanced,0.5,normal,0,0.5217391304347826,0.6857142857142857,0.5925925925925926,35
task_post_all,task,post_all,expanded154,logistic_balanced,0.5,task,1,0.6333333333333333,0.4634146341463415,0.5352112676056338,41
task_post_all,task,post_all,expanded154,logistic_balanced,0.6,normal,0,0.5208333333333334,0.7142857142857143,0.6024096385542169,35
task_post_all,task,post_all,expanded154,logistic_balanced,0.6,task,1,0.6428571428571429,0.43902439024390244,0.5217391304347826,41
task_post_all,task,post_all,expanded154,xgboost_balanced,0.4,normal,0,0.6333333333333333,0.5428571428571428,0.5846153846153846,35
task_post_all,task,post_all,expanded154,xgboost_balanced,0.4,task,1,0.6521739130434783,0.7317073170731707,0.6896551724137931,41
task_post_all,task,post_all,expanded154,xgboost_balanced,0.5,normal,0,0.6216216216216216,0.6571428571428571,0.6388888888888888,35
task_post_all,task,post_all,expanded154,xgboost_balanced,0.5,task,1,0.6923076923076923,0.6585365853658537,0.675,41
task_post_all,task,post_all,expanded154,xgboost_balanced,0.6,normal,0,0.5777777777777777,0.7428571428571429,0.65,35
task_post_all,task,post_all,expanded154,xgboost_balanced,0.6,task,1,0.7096774193548387,0.5365853658536586,0.6111111111111112,41
task_pre_all,task,pre_all,compact13,dummy_most_frequent,0.4,normal,0,0.4375,0.2,0.27450980392156865,35
task_pre_all,task,pre_all,compact13,dummy_most_frequent,0.4,task,1,0.5,0.7567567567567568,0.6021505376344086,37
task_pre_all,task,pre_all,compact13,dummy_most_frequent,0.5,normal,0,0.4375,0.2,0.27450980392156865,35
task_pre_all,task,pre_all,compact13,dummy_most_frequent,0.5,task,1,0.5,0.7567567567567568,0.6021505376344086,37
task_pre_all,task,pre_all,compact13,dummy_most_frequent,0.6,normal,0,0.4375,0.2,0.27450980392156865,35
task_pre_all,task,pre_all,compact13,dummy_most_frequent,0.6,task,1,0.5,0.7567567567567568,0.6021505376344086,37
task_pre_all,task,pre_all,compact13,lightgbm_balanced,0.4,normal,0,0.71875,0.6571428571428571,0.6865671641791045,35
task_pre_all,task,pre_all,compact13,lightgbm_balanced,0.4,task,1,0.7,0.7567567567567568,0.7272727272727273,37
task_pre_all,task,pre_all,compact13,lightgbm_balanced,0.5,normal,0,0.71875,0.6571428571428571,0.6865671641791045,35
task_pre_all,task,pre_all,compact13,lightgbm_balanced,0.5,task,1,0.7,0.7567567567567568,0.7272727272727273,37
task_pre_all,task,pre_all,compact13,lightgbm_balanced,0.6,normal,0,0.7142857142857143,0.7142857142857143,0.7142857142857143,35
task_pre_all,task,pre_all,compact13,lightgbm_balanced,0.6,task,1,0.7297297297297297,0.7297297297297297,0.7297297297297297,37
task_pre_all,task,pre_all,compact13,logistic_balanced,0.4,normal,0,0.7027027027027027,0.7428571428571429,0.7222222222222222,35
task_pre_all,task,pre_all,compact13,logistic_balanced,0.4,task,1,0.7428571428571429,0.7027027027027027,0.7222222222222222,37
task_pre_all,task,pre_all,compact13,logistic_balanced,0.5,normal,0,0.7,0.8,0.7466666666666667,35
task_pre_all,task,pre_all,compact13,logistic_balanced,0.5,task,1,0.78125,0.6756756756756757,0.7246376811594203,37
task_pre_all,task,pre_all,compact13,logistic_balanced,0.6,normal,0,0.6444444444444445,0.8285714285714286,0.725,35
task_pre_all,task,pre_all,compact13,logistic_balanced,0.6,task,1,0.7777777777777778,0.5675675675675675,0.65625,37
task_pre_all,task,pre_all,compact13,xgboost_balanced,0.4,normal,0,0.6896551724137931,0.5714285714285714,0.625,35
task_pre_all,task,pre_all,compact13,xgboost_balanced,0.4,task,1,0.6511627906976745,0.7567567567567568,0.7,37
task_pre_all,task,pre_all,compact13,xgboost_balanced,0.5,normal,0,0.6666666666666666,0.6857142857142857,0.676056338028169,35
task_pre_all,task,pre_all,compact13,xgboost_balanced,0.5,task,1,0.6944444444444444,0.6756756756756757,0.684931506849315,37
task_pre_all,task,pre_all,compact13,xgboost_balanced,0.6,normal,0,0.6363636363636364,0.8,0.7088607594936709,35
task_pre_all,task,pre_all,compact13,xgboost_balanced,0.6,task,1,0.75,0.5675675675675675,0.6461538461538462,37
task_pre_all,task,pre_all,expanded154,dummy_most_frequent,0.4,normal,0,0.4375,0.2,0.27450980392156865,35
task_pre_all,task,pre_all,expanded154,dummy_most_frequent,0.4,task,1,0.5,0.7567567567567568,0.6021505376344086,37
task_pre_all,task,pre_all,expanded154,dummy_most_frequent,0.5,normal,0,0.4375,0.2,0.27450980392156865,35
task_pre_all,task,pre_all,expanded154,dummy_most_frequent,0.5,task,1,0.5,0.7567567567567568,0.6021505376344086,37
task_pre_all,task,pre_all,expanded154,dummy_most_frequent,0.6,normal,0,0.4375,0.2,0.27450980392156865,35
task_pre_all,task,pre_all,expanded154,dummy_most_frequent,0.6,task,1,0.5,0.7567567567567568,0.6021505376344086,37
task_pre_all,task,pre_all,expanded154,lightgbm_balanced,0.4,normal,0,0.6764705882352942,0.6571428571428571,0.6666666666666666,35
task_pre_all,task,pre_all,expanded154,lightgbm_balanced,0.4,task,1,0.6842105263157895,0.7027027027027027,0.6933333333333334,37
task_pre_all,task,pre_all,expanded154,lightgbm_balanced,0.5,normal,0,0.627906976744186,0.7714285714285715,0.6923076923076923,35
task_pre_all,task,pre_all,expanded154,lightgbm_balanced,0.5,task,1,0.7241379310344828,0.5675675675675675,0.6363636363636364,37
task_pre_all,task,pre_all,expanded154,lightgbm_balanced,0.6,normal,0,0.6086956521739131,0.8,0.691358024691358,35
task_pre_all,task,pre_all,expanded154,lightgbm_balanced,0.6,task,1,0.7307692307692307,0.5135135135135135,0.6031746031746031,37
task_pre_all,task,pre_all,expanded154,logistic_balanced,0.4,normal,0,0.47058823529411764,0.45714285714285713,0.463768115942029,35
task_pre_all,task,pre_all,expanded154,logistic_balanced,0.4,task,1,0.5,0.5135135135135135,0.5066666666666667,37
task_pre_all,task,pre_all,expanded154,logistic_balanced,0.5,normal,0,0.4634146341463415,0.5428571428571428,0.5,35
task_pre_all,task,pre_all,expanded154,logistic_balanced,0.5,task,1,0.4838709677419355,0.40540540540540543,0.4411764705882353,37
task_pre_all,task,pre_all,expanded154,logistic_balanced,0.6,normal,0,0.46808510638297873,0.6285714285714286,0.5365853658536586,35
task_pre_all,task,pre_all,expanded154,logistic_balanced,0.6,task,1,0.48,0.32432432432432434,0.3870967741935484,37
task_pre_all,task,pre_all,expanded154,xgboost_balanced,0.4,normal,0,0.6451612903225806,0.5714285714285714,0.6060606060606061,35
task_pre_all,task,pre_all,expanded154,xgboost_balanced,0.4,task,1,0.6341463414634146,0.7027027027027027,0.6666666666666666,37
task_pre_all,task,pre_all,expanded154,xgboost_balanced,0.5,normal,0,0.6153846153846154,0.6857142857142857,0.6486486486486487,35
task_pre_all,task,pre_all,expanded154,xgboost_balanced,0.5,task,1,0.6666666666666666,0.5945945945945946,0.6285714285714286,37
task_pre_all,task,pre_all,expanded154,xgboost_balanced,0.6,normal,0,0.5961538461538461,0.8857142857142857,0.7126436781609196,35
task_pre_all,task,pre_all,expanded154,xgboost_balanced,0.6,task,1,0.8,0.43243243243243246,0.5614035087719298,37
