model,accuracy,balanced_accuracy,precision,recall,f1,roc_auc,tn,fp,fn,tp,candidate_id,scenario,normal_policy,positive_policy,fold,train_rows,test_rows,train_groups,test_groups,test_normal,test_efd_possible
dummy_most_frequent,0.6666666666666666,0.5,0.0,0.0,0.0,0.5,6,0,3,0,report_pre_7d,all,normal_7d,report_pre_7d,1,41,9,24,5,6,3
logistic_balanced,0.5555555555555556,0.5833333333333333,0.4,0.6666666666666666,0.5,0.6666666666666666,3,3,1,2,report_pre_7d,all,normal_7d,report_pre_7d,1,41,9,24,5,6,3
dummy_most_frequent,0.6666666666666666,0.5,0.0,0.0,0.0,0.5,6,0,3,0,report_pre_7d,all,normal_7d,report_pre_7d,2,41,9,24,5,6,3
logistic_balanced,0.4444444444444444,0.41666666666666663,0.25,0.3333333333333333,0.2857142857142857,0.5,3,3,2,1,report_pre_7d,all,normal_7d,report_pre_7d,2,41,9,24,5,6,3
dummy_most_frequent,0.7272727272727273,0.5,0.0,0.0,0.0,0.5,8,0,3,0,report_pre_7d,all,normal_7d,report_pre_7d,3,39,11,23,6,8,3
logistic_balanced,0.6363636363636364,0.6458333333333333,0.4,0.6666666666666666,0.5,0.5833333333333333,5,3,1,2,report_pre_7d,all,normal_7d,report_pre_7d,3,39,11,23,6,8,3
dummy_most_frequent,0.7272727272727273,0.5,0.0,0.0,0.0,0.5,8,0,3,0,report_pre_7d,all,normal_7d,report_pre_7d,4,39,11,22,7,8,3
logistic_balanced,0.7272727272727273,0.7083333333333333,0.5,0.6666666666666666,0.5714285714285714,0.6666666666666666,6,2,1,2,report_pre_7d,all,normal_7d,report_pre_7d,4,39,11,22,7,8,3
dummy_most_frequent,0.7,0.5,0.0,0.0,0.0,0.5,7,0,3,0,report_pre_7d,all,normal_7d,report_pre_7d,5,40,10,23,6,7,3
logistic_balanced,0.6,0.6190476190476191,0.4,0.6666666666666666,0.5,0.6190476190476191,4,3,1,2,report_pre_7d,all,normal_7d,report_pre_7d,5,40,10,23,6,7,3
dummy_most_frequent,0.6666666666666666,0.5,0.0,0.0,0.0,0.5,6,0,3,0,report_pre_7d,no_event67,normal_7d,report_pre_7d,1,40,9,24,5,6,3
logistic_balanced,0.6666666666666666,0.6666666666666666,0.5,0.6666666666666666,0.5714285714285714,0.6666666666666666,4,2,1,2,report_pre_7d,no_event67,normal_7d,report_pre_7d,1,40,9,24,5,6,3
dummy_most_frequent,0.7272727272727273,0.5,0.0,0.0,0.0,0.5,8,0,3,0,report_pre_7d,no_event67,normal_7d,report_pre_7d,2,38,11,24,5,8,3
logistic_balanced,0.6363636363636364,0.6458333333333333,0.4,0.6666666666666666,0.5,0.75,5,3,1,2,report_pre_7d,no_event67,normal_7d,report_pre_7d,2,38,11,24,5,8,3
dummy_most_frequent,0.7272727272727273,0.5,0.0,0.0,0.0,0.5,8,0,3,0,report_pre_7d,no_event67,normal_7d,report_pre_7d,3,38,11,22,7,8,3
logistic_balanced,0.45454545454545453,0.41666666666666663,0.2,0.3333333333333333,0.25,0.375,4,4,2,1,report_pre_7d,no_event67,normal_7d,report_pre_7d,3,38,11,22,7,8,3
dummy_most_frequent,0.7777777777777778,0.5,0.0,0.0,0.0,0.5,7,0,2,0,report_pre_7d,no_event67,normal_7d,report_pre_7d,4,40,9,23,6,7,2
logistic_balanced,0.7777777777777778,0.8571428571428572,0.5,1.0,0.6666666666666666,0.8571428571428572,5,2,0,2,report_pre_7d,no_event67,normal_7d,report_pre_7d,4,40,9,23,6,7,2
dummy_most_frequent,0.6666666666666666,0.5,0.0,0.0,0.0,0.5,6,0,3,0,report_pre_7d,no_event67,normal_7d,report_pre_7d,5,40,9,23,6,6,3
logistic_balanced,0.7777777777777778,0.75,0.6666666666666666,0.6666666666666666,0.6666666666666666,0.7222222222222222,5,1,1,2,report_pre_7d,no_event67,normal_7d,report_pre_7d,5,40,9,23,6,6,3
dummy_most_frequent,0.7272727272727273,0.5,0.0,0.0,0.0,0.5,8,0,3,0,report_pre_7d,no_low_coverage20,normal_7d,report_pre_7d,1,38,11,23,6,8,3
logistic_balanced,0.6363636363636364,0.5416666666666666,0.3333333333333333,0.3333333333333333,0.3333333333333333,0.29166666666666663,6,2,2,1,report_pre_7d,no_low_coverage20,normal_7d,report_pre_7d,1,38,11,23,6,8,3
dummy_most_frequent,0.6666666666666666,0.5,0.0,0.0,0.0,0.5,6,0,3,0,report_pre_7d,no_low_coverage20,normal_7d,report_pre_7d,2,40,9,24,5,6,3
logistic_balanced,0.6666666666666666,0.75,0.5,1.0,0.6666666666666666,0.8333333333333334,3,3,0,3,report_pre_7d,no_low_coverage20,normal_7d,report_pre_7d,2,40,9,24,5,6,3
dummy_most_frequent,0.7272727272727273,0.5,0.0,0.0,0.0,0.5,8,0,3,0,report_pre_7d,no_low_coverage20,normal_7d,report_pre_7d,3,38,11,23,6,8,3
logistic_balanced,0.5454545454545454,0.375,0.0,0.0,0.0,0.4583333333333333,6,2,3,0,report_pre_7d,no_low_coverage20,normal_7d,report_pre_7d,3,38,11,23,6,8,3
dummy_most_frequent,0.6666666666666666,0.5,0.0,0.0,0.0,0.5,6,0,3,0,report_pre_7d,no_low_coverage20,normal_7d,report_pre_7d,4,40,9,23,6,6,3
logistic_balanced,0.7777777777777778,0.75,0.6666666666666666,0.6666666666666666,0.6666666666666666,0.6666666666666666,5,1,1,2,report_pre_7d,no_low_coverage20,normal_7d,report_pre_7d,4,40,9,23,6,6,3
dummy_most_frequent,0.7777777777777778,0.5,0.0,0.0,0.0,0.5,7,0,2,0,report_pre_7d,no_low_coverage20,normal_7d,report_pre_7d,5,40,9,23,6,7,2
logistic_balanced,0.6666666666666666,0.6071428571428572,0.3333333333333333,0.5,0.4,0.6428571428571429,5,2,1,1,report_pre_7d,no_low_coverage20,normal_7d,report_pre_7d,5,40,9,23,6,7,2
dummy_most_frequent,0.7272727272727273,0.5,0.0,0.0,0.0,0.5,8,0,3,0,report_pre_7d,no_event67_no_event20,normal_7d,report_pre_7d,1,37,11,23,6,8,3
logistic_balanced,0.5454545454545454,0.375,0.0,0.0,0.0,0.3333333333333333,6,2,3,0,report_pre_7d,no_event67_no_event20,normal_7d,report_pre_7d,1,37,11,23,6,8,3
dummy_most_frequent,0.7,0.5,0.0,0.0,0.0,0.5,7,0,3,0,report_pre_7d,no_event67_no_event20,normal_7d,report_pre_7d,2,38,10,23,6,7,3
logistic_balanced,0.9,0.8333333333333333,1.0,0.6666666666666666,0.8,0.8095238095238095,7,0,1,2,report_pre_7d,no_event67_no_event20,normal_7d,report_pre_7d,2,38,10,23,6,7,3
dummy_most_frequent,0.7777777777777778,0.5,0.0,0.0,0.0,0.5,7,0,2,0,report_pre_7d,no_event67_no_event20,normal_7d,report_pre_7d,3,39,9,24,5,7,2
logistic_balanced,0.5555555555555556,0.35714285714285715,0.0,0.0,0.0,0.5714285714285714,5,2,2,0,report_pre_7d,no_event67_no_event20,normal_7d,report_pre_7d,3,39,9,24,5,7,2
dummy_most_frequent,0.6666666666666666,0.5,0.0,0.0,0.0,0.5,6,0,3,0,report_pre_7d,no_event67_no_event20,normal_7d,report_pre_7d,4,39,9,23,6,6,3
logistic_balanced,0.7777777777777778,0.75,0.6666666666666666,0.6666666666666666,0.6666666666666666,0.7222222222222222,5,1,1,2,report_pre_7d,no_event67_no_event20,normal_7d,report_pre_7d,4,39,9,23,6,6,3
dummy_most_frequent,0.7777777777777778,0.5,0.0,0.0,0.0,0.5,7,0,2,0,report_pre_7d,no_event67_no_event20,normal_7d,report_pre_7d,5,39,9,23,6,7,2
logistic_balanced,0.7777777777777778,0.6785714285714286,0.5,0.5,0.5,0.5714285714285714,6,1,1,1,report_pre_7d,no_event67_no_event20,normal_7d,report_pre_7d,5,39,9,23,6,7,2
dummy_most_frequent,0.6666666666666666,0.5,0.0,0.0,0.0,0.5,6,0,3,0,report_pre_3d,all,normal_3d,report_pre_3d,1,41,9,24,5,6,3
logistic_balanced,0.4444444444444444,0.3333333333333333,0.0,0.0,0.0,0.2777777777777778,4,2,3,0,report_pre_3d,all,normal_3d,report_pre_3d,1,41,9,24,5,6,3
dummy_most_frequent,0.6666666666666666,0.5,0.0,0.0,0.0,0.5,6,0,3,0,report_pre_3d,all,normal_3d,report_pre_3d,2,41,9,24,5,6,3
logistic_balanced,0.3333333333333333,0.25,0.0,0.0,0.0,0.3333333333333333,3,3,3,0,report_pre_3d,all,normal_3d,report_pre_3d,2,41,9,24,5,6,3
dummy_most_frequent,0.7272727272727273,0.5,0.0,0.0,0.0,0.5,8,0,3,0,report_pre_3d,all,normal_3d,report_pre_3d,3,39,11,23,6,8,3
logistic_balanced,0.7272727272727273,0.7083333333333333,0.5,0.6666666666666666,0.5714285714285714,0.8333333333333334,6,2,1,2,report_pre_3d,all,normal_3d,report_pre_3d,3,39,11,23,6,8,3
dummy_most_frequent,0.7272727272727273,0.5,0.0,0.0,0.0,0.5,8,0,3,0,report_pre_3d,all,normal_3d,report_pre_3d,4,39,11,22,7,8,3
logistic_balanced,0.8181818181818182,0.6666666666666666,1.0,0.3333333333333333,0.5,0.5416666666666666,8,0,2,1,report_pre_3d,all,normal_3d,report_pre_3d,4,39,11,22,7,8,3
dummy_most_frequent,0.7,0.5,0.0,0.0,0.0,0.5,7,0,3,0,report_pre_3d,all,normal_3d,report_pre_3d,5,40,10,23,6,7,3
logistic_balanced,0.6,0.6190476190476191,0.4,0.6666666666666666,0.5,0.6190476190476191,4,3,1,2,report_pre_3d,all,normal_3d,report_pre_3d,5,40,10,23,6,7,3
dummy_most_frequent,0.6666666666666666,0.5,0.0,0.0,0.0,0.5,6,0,3,0,report_pre_3d,no_event67,normal_3d,report_pre_3d,1,40,9,24,5,6,3
logistic_balanced,0.4444444444444444,0.3333333333333333,0.0,0.0,0.0,0.16666666666666666,4,2,3,0,report_pre_3d,no_event67,normal_3d,report_pre_3d,1,40,9,24,5,6,3
dummy_most_frequent,0.7272727272727273,0.5,0.0,0.0,0.0,0.5,8,0,3,0,report_pre_3d,no_event67,normal_3d,report_pre_3d,2,38,11,24,5,8,3
logistic_balanced,0.5454545454545454,0.5833333333333333,0.3333333333333333,0.6666666666666666,0.4444444444444444,0.625,4,4,1,2,report_pre_3d,no_event67,normal_3d,report_pre_3d,2,38,11,24,5,8,3
dummy_most_frequent,0.7272727272727273,0.5,0.0,0.0,0.0,0.5,8,0,3,0,report_pre_3d,no_event67,normal_3d,report_pre_3d,3,38,11,22,7,8,3
logistic_balanced,0.45454545454545453,0.3125,0.0,0.0,0.0,0.5833333333333334,5,3,3,0,report_pre_3d,no_event67,normal_3d,report_pre_3d,3,38,11,22,7,8,3
dummy_most_frequent,0.7777777777777778,0.5,0.0,0.0,0.0,0.5,7,0,2,0,report_pre_3d,no_event67,normal_3d,report_pre_3d,4,40,9,23,6,7,2
logistic_balanced,0.8888888888888888,0.75,1.0,0.5,0.6666666666666666,0.7142857142857143,7,0,1,1,report_pre_3d,no_event67,normal_3d,report_pre_3d,4,40,9,23,6,7,2
dummy_most_frequent,0.6666666666666666,0.5,0.0,0.0,0.0,0.5,6,0,3,0,report_pre_3d,no_event67,normal_3d,report_pre_3d,5,40,9,23,6,6,3
logistic_balanced,0.6666666666666666,0.5,0.0,0.0,0.0,0.7777777777777779,6,0,3,0,report_pre_3d,no_event67,normal_3d,report_pre_3d,5,40,9,23,6,6,3
dummy_most_frequent,0.7272727272727273,0.5,0.0,0.0,0.0,0.5,8,0,3,0,report_pre_3d,no_low_coverage20,normal_3d,report_pre_3d,1,38,11,23,6,8,3
logistic_balanced,0.5454545454545454,0.375,0.0,0.0,0.0,0.5,6,2,3,0,report_pre_3d,no_low_coverage20,normal_3d,report_pre_3d,1,38,11,23,6,8,3
dummy_most_frequent,0.6666666666666666,0.5,0.0,0.0,0.0,0.5,6,0,3,0,report_pre_3d,no_low_coverage20,normal_3d,report_pre_3d,2,40,9,24,5,6,3
logistic_balanced,0.4444444444444444,0.3333333333333333,0.0,0.0,0.0,0.4444444444444445,4,2,3,0,report_pre_3d,no_low_coverage20,normal_3d,report_pre_3d,2,40,9,24,5,6,3
dummy_most_frequent,0.7272727272727273,0.5,0.0,0.0,0.0,0.5,8,0,3,0,report_pre_3d,no_low_coverage20,normal_3d,report_pre_3d,3,38,11,23,6,8,3
logistic_balanced,0.5454545454545454,0.375,0.0,0.0,0.0,0.29166666666666663,6,2,3,0,report_pre_3d,no_low_coverage20,normal_3d,report_pre_3d,3,38,11,23,6,8,3
dummy_most_frequent,0.6666666666666666,0.5,0.0,0.0,0.0,0.5,6,0,3,0,report_pre_3d,no_low_coverage20,normal_3d,report_pre_3d,4,40,9,23,6,6,3
logistic_balanced,0.5555555555555556,0.5,0.3333333333333333,0.3333333333333333,0.3333333333333333,0.7222222222222222,4,2,2,1,report_pre_3d,no_low_coverage20,normal_3d,report_pre_3d,4,40,9,23,6,6,3
dummy_most_frequent,0.7777777777777778,0.5,0.0,0.0,0.0,0.5,7,0,2,0,report_pre_3d,no_low_coverage20,normal_3d,report_pre_3d,5,40,9,23,6,7,2
logistic_balanced,0.6666666666666666,0.6071428571428572,0.3333333333333333,0.5,0.4,0.6428571428571428,5,2,1,1,report_pre_3d,no_low_coverage20,normal_3d,report_pre_3d,5,40,9,23,6,7,2
dummy_most_frequent,0.7272727272727273,0.5,0.0,0.0,0.0,0.5,8,0,3,0,report_pre_3d,no_event67_no_event20,normal_3d,report_pre_3d,1,37,11,23,6,8,3
logistic_balanced,0.6363636363636364,0.4375,0.0,0.0,0.0,0.5,7,1,3,0,report_pre_3d,no_event67_no_event20,normal_3d,report_pre_3d,1,37,11,23,6,8,3
dummy_most_frequent,0.7,0.5,0.0,0.0,0.0,0.5,7,0,3,0,report_pre_3d,no_event67_no_event20,normal_3d,report_pre_3d,2,38,10,23,6,7,3
logistic_balanced,0.6,0.5238095238095238,0.3333333333333333,0.3333333333333333,0.3333333333333333,0.6190476190476191,5,2,2,1,report_pre_3d,no_event67_no_event20,normal_3d,report_pre_3d,2,38,10,23,6,7,3
dummy_most_frequent,0.7777777777777778,0.5,0.0,0.0,0.0,0.5,7,0,2,0,report_pre_3d,no_event67_no_event20,normal_3d,report_pre_3d,3,39,9,24,5,7,2
logistic_balanced,0.5555555555555556,0.35714285714285715,0.0,0.0,0.0,0.4285714285714286,5,2,2,0,report_pre_3d,no_event67_no_event20,normal_3d,report_pre_3d,3,39,9,24,5,7,2
dummy_most_frequent,0.6666666666666666,0.5,0.0,0.0,0.0,0.5,6,0,3,0,report_pre_3d,no_event67_no_event20,normal_3d,report_pre_3d,4,39,9,23,6,6,3
logistic_balanced,0.6666666666666666,0.5833333333333334,0.5,0.3333333333333333,0.4,0.6111111111111112,5,1,2,1,report_pre_3d,no_event67_no_event20,normal_3d,report_pre_3d,4,39,9,23,6,6,3
dummy_most_frequent,0.7777777777777778,0.5,0.0,0.0,0.0,0.5,7,0,2,0,report_pre_3d,no_event67_no_event20,normal_3d,report_pre_3d,5,39,9,23,6,7,2
logistic_balanced,0.7777777777777778,0.6785714285714286,0.5,0.5,0.5,0.5714285714285714,6,1,1,1,report_pre_3d,no_event67_no_event20,normal_3d,report_pre_3d,5,39,9,23,6,7,2
dummy_most_frequent,0.6666666666666666,0.5,0.0,0.0,0.0,0.5,6,0,3,0,report_pre_1d,all,normal_1d,report_pre_1d,1,41,9,24,5,6,3
logistic_balanced,0.4444444444444444,0.3333333333333333,0.0,0.0,0.0,0.2777777777777778,4,2,3,0,report_pre_1d,all,normal_1d,report_pre_1d,1,41,9,24,5,6,3
dummy_most_frequent,0.6666666666666666,0.5,0.0,0.0,0.0,0.5,6,0,3,0,report_pre_1d,all,normal_1d,report_pre_1d,2,41,9,24,5,6,3
logistic_balanced,0.4444444444444444,0.41666666666666663,0.25,0.3333333333333333,0.2857142857142857,0.4444444444444445,3,3,2,1,report_pre_1d,all,normal_1d,report_pre_1d,2,41,9,24,5,6,3
dummy_most_frequent,0.7272727272727273,0.5,0.0,0.0,0.0,0.5,8,0,3,0,report_pre_1d,all,normal_1d,report_pre_1d,3,39,11,23,6,8,3
logistic_balanced,0.45454545454545453,0.41666666666666663,0.2,0.3333333333333333,0.25,0.4166666666666667,4,4,2,1,report_pre_1d,all,normal_1d,report_pre_1d,3,39,11,23,6,8,3
dummy_most_frequent,0.7272727272727273,0.5,0.0,0.0,0.0,0.5,8,0,3,0,report_pre_1d,all,normal_1d,report_pre_1d,4,39,11,22,7,8,3
logistic_balanced,0.8181818181818182,0.6666666666666666,1.0,0.3333333333333333,0.5,0.8333333333333333,8,0,2,1,report_pre_1d,all,normal_1d,report_pre_1d,4,39,11,22,7,8,3
dummy_most_frequent,0.7,0.5,0.0,0.0,0.0,0.5,7,0,3,0,report_pre_1d,all,normal_1d,report_pre_1d,5,40,10,23,6,7,3
logistic_balanced,0.6,0.5238095238095238,0.3333333333333333,0.3333333333333333,0.3333333333333333,0.7619047619047619,5,2,2,1,report_pre_1d,all,normal_1d,report_pre_1d,5,40,10,23,6,7,3
dummy_most_frequent,0.6666666666666666,0.5,0.0,0.0,0.0,0.5,6,0,3,0,report_pre_1d,no_event67,normal_1d,report_pre_1d,1,40,9,24,5,6,3
logistic_balanced,0.5555555555555556,0.4166666666666667,0.0,0.0,0.0,0.33333333333333337,5,1,3,0,report_pre_1d,no_event67,normal_1d,report_pre_1d,1,40,9,24,5,6,3
dummy_most_frequent,0.7272727272727273,0.5,0.0,0.0,0.0,0.5,8,0,3,0,report_pre_1d,no_event67,normal_1d,report_pre_1d,2,38,11,24,5,8,3
logistic_balanced,0.6363636363636364,0.5416666666666666,0.3333333333333333,0.3333333333333333,0.3333333333333333,0.5416666666666666,6,2,2,1,report_pre_1d,no_event67,normal_1d,report_pre_1d,2,38,11,24,5,8,3
dummy_most_frequent,0.7272727272727273,0.5,0.0,0.0,0.0,0.5,8,0,3,0,report_pre_1d,no_event67,normal_1d,report_pre_1d,3,38,11,22,7,8,3
logistic_balanced,0.45454545454545453,0.41666666666666663,0.2,0.3333333333333333,0.25,0.41666666666666663,4,4,2,1,report_pre_1d,no_event67,normal_1d,report_pre_1d,3,38,11,22,7,8,3
dummy_most_frequent,0.7777777777777778,0.5,0.0,0.0,0.0,0.5,7,0,2,0,report_pre_1d,no_event67,normal_1d,report_pre_1d,4,40,9,23,6,7,2
logistic_balanced,0.8888888888888888,0.75,1.0,0.5,0.6666666666666666,0.9285714285714286,7,0,1,1,report_pre_1d,no_event67,normal_1d,report_pre_1d,4,40,9,23,6,7,2
dummy_most_frequent,0.6666666666666666,0.5,0.0,0.0,0.0,0.5,6,0,3,0,report_pre_1d,no_event67,normal_1d,report_pre_1d,5,40,9,23,6,6,3
logistic_balanced,0.6666666666666666,0.5833333333333334,0.5,0.3333333333333333,0.4,0.7222222222222222,5,1,2,1,report_pre_1d,no_event67,normal_1d,report_pre_1d,5,40,9,23,6,6,3
dummy_most_frequent,0.7272727272727273,0.5,0.0,0.0,0.0,0.5,8,0,3,0,report_pre_1d,no_low_coverage20,normal_1d,report_pre_1d,1,38,11,23,6,8,3
logistic_balanced,0.5454545454545454,0.47916666666666663,0.25,0.3333333333333333,0.2857142857142857,0.4583333333333333,5,3,2,1,report_pre_1d,no_low_coverage20,normal_1d,report_pre_1d,1,38,11,23,6,8,3
dummy_most_frequent,0.6666666666666666,0.5,0.0,0.0,0.0,0.5,6,0,3,0,report_pre_1d,no_low_coverage20,normal_1d,report_pre_1d,2,40,9,24,5,6,3
logistic_balanced,0.6666666666666666,0.6666666666666666,0.5,0.6666666666666666,0.5714285714285714,0.611111111111111,4,2,1,2,report_pre_1d,no_low_coverage20,normal_1d,report_pre_1d,2,40,9,24,5,6,3
dummy_most_frequent,0.7272727272727273,0.5,0.0,0.0,0.0,0.5,8,0,3,0,report_pre_1d,no_low_coverage20,normal_1d,report_pre_1d,3,38,11,23,6,8,3
logistic_balanced,0.5454545454545454,0.47916666666666663,0.25,0.3333333333333333,0.2857142857142857,0.4583333333333333,5,3,2,1,report_pre_1d,no_low_coverage20,normal_1d,report_pre_1d,3,38,11,23,6,8,3
dummy_most_frequent,0.6666666666666666,0.5,0.0,0.0,0.0,0.5,6,0,3,0,report_pre_1d,no_low_coverage20,normal_1d,report_pre_1d,4,40,9,23,6,6,3
logistic_balanced,0.6666666666666666,0.5833333333333334,0.5,0.3333333333333333,0.4,0.6666666666666666,5,1,2,1,report_pre_1d,no_low_coverage20,normal_1d,report_pre_1d,4,40,9,23,6,6,3
dummy_most_frequent,0.7777777777777778,0.5,0.0,0.0,0.0,0.5,7,0,2,0,report_pre_1d,no_low_coverage20,normal_1d,report_pre_1d,5,40,9,23,6,7,2
logistic_balanced,0.7777777777777778,0.6785714285714286,0.5,0.5,0.5,0.5,6,1,1,1,report_pre_1d,no_low_coverage20,normal_1d,report_pre_1d,5,40,9,23,6,7,2
dummy_most_frequent,0.7272727272727273,0.5,0.0,0.0,0.0,0.5,8,0,3,0,report_pre_1d,no_event67_no_event20,normal_1d,report_pre_1d,1,37,11,23,6,8,3
logistic_balanced,0.6363636363636364,0.4375,0.0,0.0,0.0,0.41666666666666663,7,1,3,0,report_pre_1d,no_event67_no_event20,normal_1d,report_pre_1d,1,37,11,23,6,8,3
dummy_most_frequent,0.7,0.5,0.0,0.0,0.0,0.5,7,0,3,0,report_pre_1d,no_event67_no_event20,normal_1d,report_pre_1d,2,38,10,23,6,7,3
logistic_balanced,0.6,0.5238095238095238,0.3333333333333333,0.3333333333333333,0.3333333333333333,0.7619047619047619,5,2,2,1,report_pre_1d,no_event67_no_event20,normal_1d,report_pre_1d,2,38,10,23,6,7,3
dummy_most_frequent,0.7777777777777778,0.5,0.0,0.0,0.0,0.5,7,0,2,0,report_pre_1d,no_event67_no_event20,normal_1d,report_pre_1d,3,39,9,24,5,7,2
logistic_balanced,0.5555555555555556,0.5357142857142857,0.25,0.5,0.3333333333333333,0.5714285714285714,4,3,1,1,report_pre_1d,no_event67_no_event20,normal_1d,report_pre_1d,3,39,9,24,5,7,2
dummy_most_frequent,0.6666666666666666,0.5,0.0,0.0,0.0,0.5,6,0,3,0,report_pre_1d,no_event67_no_event20,normal_1d,report_pre_1d,4,39,9,23,6,6,3
logistic_balanced,0.6666666666666666,0.5833333333333334,0.5,0.3333333333333333,0.4,0.5555555555555556,5,1,2,1,report_pre_1d,no_event67_no_event20,normal_1d,report_pre_1d,4,39,9,23,6,6,3
dummy_most_frequent,0.7777777777777778,0.5,0.0,0.0,0.0,0.5,7,0,2,0,report_pre_1d,no_event67_no_event20,normal_1d,report_pre_1d,5,39,9,23,6,7,2
logistic_balanced,0.7777777777777778,0.6785714285714286,0.5,0.5,0.5,0.5,6,1,1,1,report_pre_1d,no_event67_no_event20,normal_1d,report_pre_1d,5,39,9,23,6,7,2
dummy_most_frequent,0.6666666666666666,0.5,0.0,0.0,0.0,0.5,6,0,3,0,anomaly_start_plus_7d,all,normal_7d,anomaly_start_plus_7d,1,41,9,24,5,6,3
logistic_balanced,0.5555555555555556,0.5833333333333333,0.4,0.6666666666666666,0.5,0.5555555555555556,3,3,1,2,anomaly_start_plus_7d,all,normal_7d,anomaly_start_plus_7d,1,41,9,24,5,6,3
dummy_most_frequent,0.6666666666666666,0.5,0.0,0.0,0.0,0.5,6,0,3,0,anomaly_start_plus_7d,all,normal_7d,anomaly_start_plus_7d,2,41,9,24,5,6,3
logistic_balanced,0.5555555555555556,0.5,0.3333333333333333,0.3333333333333333,0.3333333333333333,0.4444444444444444,4,2,2,1,anomaly_start_plus_7d,all,normal_7d,anomaly_start_plus_7d,2,41,9,24,5,6,3
dummy_most_frequent,0.7272727272727273,0.5,0.0,0.0,0.0,0.5,8,0,3,0,anomaly_start_plus_7d,all,normal_7d,anomaly_start_plus_7d,3,39,11,23,6,8,3
logistic_balanced,0.6363636363636364,0.6458333333333333,0.4,0.6666666666666666,0.5,0.5833333333333333,5,3,1,2,anomaly_start_plus_7d,all,normal_7d,anomaly_start_plus_7d,3,39,11,23,6,8,3
dummy_most_frequent,0.7272727272727273,0.5,0.0,0.0,0.0,0.5,8,0,3,0,anomaly_start_plus_7d,all,normal_7d,anomaly_start_plus_7d,4,39,11,22,7,8,3
logistic_balanced,0.9090909090909091,0.9375,0.75,1.0,0.8571428571428571,1.0,7,1,0,3,anomaly_start_plus_7d,all,normal_7d,anomaly_start_plus_7d,4,39,11,22,7,8,3
dummy_most_frequent,0.7,0.5,0.0,0.0,0.0,0.5,7,0,3,0,anomaly_start_plus_7d,all,normal_7d,anomaly_start_plus_7d,5,40,10,23,6,7,3
logistic_balanced,0.6,0.5238095238095238,0.3333333333333333,0.3333333333333333,0.3333333333333333,0.7142857142857143,5,2,2,1,anomaly_start_plus_7d,all,normal_7d,anomaly_start_plus_7d,5,40,10,23,6,7,3
dummy_most_frequent,0.6666666666666666,0.5,0.0,0.0,0.0,0.5,6,0,3,0,anomaly_start_plus_7d,no_event67,normal_7d,anomaly_start_plus_7d,1,40,9,24,5,6,3
logistic_balanced,0.5555555555555556,0.5833333333333333,0.4,0.6666666666666666,0.5,0.5555555555555556,3,3,1,2,anomaly_start_plus_7d,no_event67,normal_7d,anomaly_start_plus_7d,1,40,9,24,5,6,3
dummy_most_frequent,0.7272727272727273,0.5,0.0,0.0,0.0,0.5,8,0,3,0,anomaly_start_plus_7d,no_event67,normal_7d,anomaly_start_plus_7d,2,38,11,24,5,8,3
logistic_balanced,0.7272727272727273,0.7083333333333333,0.5,0.6666666666666666,0.5714285714285714,0.7083333333333333,6,2,1,2,anomaly_start_plus_7d,no_event67,normal_7d,anomaly_start_plus_7d,2,38,11,24,5,8,3
dummy_most_frequent,0.7272727272727273,0.5,0.0,0.0,0.0,0.5,8,0,3,0,anomaly_start_plus_7d,no_event67,normal_7d,anomaly_start_plus_7d,3,38,11,22,7,8,3
logistic_balanced,0.5454545454545454,0.47916666666666663,0.25,0.3333333333333333,0.2857142857142857,0.5,5,3,2,1,anomaly_start_plus_7d,no_event67,normal_7d,anomaly_start_plus_7d,3,38,11,22,7,8,3
dummy_most_frequent,0.7777777777777778,0.5,0.0,0.0,0.0,0.5,7,0,2,0,anomaly_start_plus_7d,no_event67,normal_7d,anomaly_start_plus_7d,4,40,9,23,6,7,2
logistic_balanced,0.8888888888888888,0.9285714285714286,0.6666666666666666,1.0,0.8,1.0,6,1,0,2,anomaly_start_plus_7d,no_event67,normal_7d,anomaly_start_plus_7d,4,40,9,23,6,7,2
dummy_most_frequent,0.6666666666666666,0.5,0.0,0.0,0.0,0.5,6,0,3,0,anomaly_start_plus_7d,no_event67,normal_7d,anomaly_start_plus_7d,5,40,9,23,6,6,3
logistic_balanced,0.6666666666666666,0.6666666666666666,0.5,0.6666666666666666,0.5714285714285714,0.7777777777777779,4,2,1,2,anomaly_start_plus_7d,no_event67,normal_7d,anomaly_start_plus_7d,5,40,9,23,6,6,3
dummy_most_frequent,0.7272727272727273,0.5,0.0,0.0,0.0,0.5,8,0,3,0,anomaly_start_plus_7d,no_low_coverage20,normal_7d,anomaly_start_plus_7d,1,38,11,23,6,8,3
logistic_balanced,0.6363636363636364,0.4375,0.0,0.0,0.0,0.4583333333333333,7,1,3,0,anomaly_start_plus_7d,no_low_coverage20,normal_7d,anomaly_start_plus_7d,1,38,11,23,6,8,3
dummy_most_frequent,0.6666666666666666,0.5,0.0,0.0,0.0,0.5,6,0,3,0,anomaly_start_plus_7d,no_low_coverage20,normal_7d,anomaly_start_plus_7d,2,40,9,24,5,6,3
logistic_balanced,0.2222222222222222,0.25,0.16666666666666666,0.3333333333333333,0.2222222222222222,0.2222222222222222,1,5,2,1,anomaly_start_plus_7d,no_low_coverage20,normal_7d,anomaly_start_plus_7d,2,40,9,24,5,6,3
dummy_most_frequent,0.7272727272727273,0.5,0.0,0.0,0.0,0.5,8,0,3,0,anomaly_start_plus_7d,no_low_coverage20,normal_7d,anomaly_start_plus_7d,3,38,11,23,6,8,3
logistic_balanced,0.5454545454545454,0.47916666666666663,0.25,0.3333333333333333,0.2857142857142857,0.7083333333333334,5,3,2,1,anomaly_start_plus_7d,no_low_coverage20,normal_7d,anomaly_start_plus_7d,3,38,11,23,6,8,3
dummy_most_frequent,0.6666666666666666,0.5,0.0,0.0,0.0,0.5,6,0,3,0,anomaly_start_plus_7d,no_low_coverage20,normal_7d,anomaly_start_plus_7d,4,40,9,23,6,6,3
logistic_balanced,0.6666666666666666,0.6666666666666666,0.5,0.6666666666666666,0.5714285714285714,0.8333333333333333,4,2,1,2,anomaly_start_plus_7d,no_low_coverage20,normal_7d,anomaly_start_plus_7d,4,40,9,23,6,6,3
dummy_most_frequent,0.7777777777777778,0.5,0.0,0.0,0.0,0.5,7,0,2,0,anomaly_start_plus_7d,no_low_coverage20,normal_7d,anomaly_start_plus_7d,5,40,9,23,6,7,2
logistic_balanced,0.7777777777777778,0.6785714285714286,0.5,0.5,0.5,0.5714285714285714,6,1,1,1,anomaly_start_plus_7d,no_low_coverage20,normal_7d,anomaly_start_plus_7d,5,40,9,23,6,7,2
dummy_most_frequent,0.7272727272727273,0.5,0.0,0.0,0.0,0.5,8,0,3,0,anomaly_start_plus_7d,no_event67_no_event20,normal_7d,anomaly_start_plus_7d,1,37,11,23,6,8,3
logistic_balanced,0.6363636363636364,0.4375,0.0,0.0,0.0,0.4583333333333333,7,1,3,0,anomaly_start_plus_7d,no_event67_no_event20,normal_7d,anomaly_start_plus_7d,1,37,11,23,6,8,3
dummy_most_frequent,0.7,0.5,0.0,0.0,0.0,0.5,7,0,3,0,anomaly_start_plus_7d,no_event67_no_event20,normal_7d,anomaly_start_plus_7d,2,38,10,23,6,7,3
logistic_balanced,0.5,0.45238095238095233,0.25,0.3333333333333333,0.2857142857142857,0.5238095238095238,4,3,2,1,anomaly_start_plus_7d,no_event67_no_event20,normal_7d,anomaly_start_plus_7d,2,38,10,23,6,7,3
dummy_most_frequent,0.7777777777777778,0.5,0.0,0.0,0.0,0.5,7,0,2,0,anomaly_start_plus_7d,no_event67_no_event20,normal_7d,anomaly_start_plus_7d,3,39,9,24,5,7,2
logistic_balanced,0.5555555555555556,0.5357142857142857,0.25,0.5,0.3333333333333333,0.7142857142857142,4,3,1,1,anomaly_start_plus_7d,no_event67_no_event20,normal_7d,anomaly_start_plus_7d,3,39,9,24,5,7,2
dummy_most_frequent,0.6666666666666666,0.5,0.0,0.0,0.0,0.5,6,0,3,0,anomaly_start_plus_7d,no_event67_no_event20,normal_7d,anomaly_start_plus_7d,4,39,9,23,6,6,3
logistic_balanced,0.4444444444444444,0.41666666666666663,0.25,0.3333333333333333,0.2857142857142857,0.6111111111111112,3,3,2,1,anomaly_start_plus_7d,no_event67_no_event20,normal_7d,anomaly_start_plus_7d,4,39,9,23,6,6,3
dummy_most_frequent,0.7777777777777778,0.5,0.0,0.0,0.0,0.5,7,0,2,0,anomaly_start_plus_7d,no_event67_no_event20,normal_7d,anomaly_start_plus_7d,5,39,9,23,6,7,2
logistic_balanced,0.7777777777777778,0.6785714285714286,0.5,0.5,0.5,0.5714285714285714,6,1,1,1,anomaly_start_plus_7d,no_event67_no_event20,normal_7d,anomaly_start_plus_7d,5,39,9,23,6,7,2
dummy_most_frequent,0.6666666666666666,0.5,0.0,0.0,0.0,0.5,6,0,3,0,anomaly_start_pre_7d,all,normal_7d,anomaly_start_pre_7d,1,41,9,24,5,6,3
logistic_balanced,0.4444444444444444,0.5,0.3333333333333333,0.6666666666666666,0.4444444444444444,0.4444444444444445,2,4,1,2,anomaly_start_pre_7d,all,normal_7d,anomaly_start_pre_7d,1,41,9,24,5,6,3
dummy_most_frequent,0.6666666666666666,0.5,0.0,0.0,0.0,0.5,6,0,3,0,anomaly_start_pre_7d,all,normal_7d,anomaly_start_pre_7d,2,41,9,24,5,6,3
logistic_balanced,0.2222222222222222,0.16666666666666666,0.0,0.0,0.0,0.33333333333333337,2,4,3,0,anomaly_start_pre_7d,all,normal_7d,anomaly_start_pre_7d,2,41,9,24,5,6,3
dummy_most_frequent,0.7272727272727273,0.5,0.0,0.0,0.0,0.5,8,0,3,0,anomaly_start_pre_7d,all,normal_7d,anomaly_start_pre_7d,3,39,11,23,6,8,3
logistic_balanced,0.6363636363636364,0.6458333333333333,0.4,0.6666666666666666,0.5,0.6666666666666666,5,3,1,2,anomaly_start_pre_7d,all,normal_7d,anomaly_start_pre_7d,3,39,11,23,6,8,3
dummy_most_frequent,0.7272727272727273,0.5,0.0,0.0,0.0,0.5,8,0,3,0,anomaly_start_pre_7d,all,normal_7d,anomaly_start_pre_7d,4,39,11,22,7,8,3
logistic_balanced,0.5454545454545454,0.5833333333333333,0.3333333333333333,0.6666666666666666,0.4444444444444444,0.75,4,4,1,2,anomaly_start_pre_7d,all,normal_7d,anomaly_start_pre_7d,4,39,11,22,7,8,3
dummy_most_frequent,0.7,0.5,0.0,0.0,0.0,0.5,7,0,3,0,anomaly_start_pre_7d,all,normal_7d,anomaly_start_pre_7d,5,40,10,23,6,7,3
logistic_balanced,0.5,0.45238095238095233,0.25,0.3333333333333333,0.2857142857142857,0.42857142857142855,4,3,2,1,anomaly_start_pre_7d,all,normal_7d,anomaly_start_pre_7d,5,40,10,23,6,7,3
dummy_most_frequent,0.6666666666666666,0.5,0.0,0.0,0.0,0.5,6,0,3,0,anomaly_start_pre_7d,no_event67,normal_7d,anomaly_start_pre_7d,1,40,9,24,5,6,3
logistic_balanced,0.3333333333333333,0.3333333333333333,0.2,0.3333333333333333,0.25,0.27777777777777773,2,4,2,1,anomaly_start_pre_7d,no_event67,normal_7d,anomaly_start_pre_7d,1,40,9,24,5,6,3
dummy_most_frequent,0.7272727272727273,0.5,0.0,0.0,0.0,0.5,8,0,3,0,anomaly_start_pre_7d,no_event67,normal_7d,anomaly_start_pre_7d,2,38,11,24,5,8,3
logistic_balanced,0.6363636363636364,0.4375,0.0,0.0,0.0,0.20833333333333331,7,1,3,0,anomaly_start_pre_7d,no_event67,normal_7d,anomaly_start_pre_7d,2,38,11,24,5,8,3
dummy_most_frequent,0.7272727272727273,0.5,0.0,0.0,0.0,0.5,8,0,3,0,anomaly_start_pre_7d,no_event67,normal_7d,anomaly_start_pre_7d,3,38,11,22,7,8,3
logistic_balanced,0.5454545454545454,0.47916666666666663,0.25,0.3333333333333333,0.2857142857142857,0.37499999999999994,5,3,2,1,anomaly_start_pre_7d,no_event67,normal_7d,anomaly_start_pre_7d,3,38,11,22,7,8,3
dummy_most_frequent,0.7777777777777778,0.5,0.0,0.0,0.0,0.5,7,0,2,0,anomaly_start_pre_7d,no_event67,normal_7d,anomaly_start_pre_7d,4,40,9,23,6,7,2
logistic_balanced,0.5555555555555556,0.5357142857142857,0.25,0.5,0.3333333333333333,0.6428571428571428,4,3,1,1,anomaly_start_pre_7d,no_event67,normal_7d,anomaly_start_pre_7d,4,40,9,23,6,7,2
dummy_most_frequent,0.6666666666666666,0.5,0.0,0.0,0.0,0.5,6,0,3,0,anomaly_start_pre_7d,no_event67,normal_7d,anomaly_start_pre_7d,5,40,9,23,6,6,3
logistic_balanced,0.5555555555555556,0.5,0.3333333333333333,0.3333333333333333,0.3333333333333333,0.5555555555555556,4,2,2,1,anomaly_start_pre_7d,no_event67,normal_7d,anomaly_start_pre_7d,5,40,9,23,6,6,3
dummy_most_frequent,0.7272727272727273,0.5,0.0,0.0,0.0,0.5,8,0,3,0,anomaly_start_pre_7d,no_low_coverage20,normal_7d,anomaly_start_pre_7d,1,38,11,23,6,8,3
logistic_balanced,0.6363636363636364,0.5416666666666666,0.3333333333333333,0.3333333333333333,0.3333333333333333,0.41666666666666663,6,2,2,1,anomaly_start_pre_7d,no_low_coverage20,normal_7d,anomaly_start_pre_7d,1,38,11,23,6,8,3
dummy_most_frequent,0.6666666666666666,0.5,0.0,0.0,0.0,0.5,6,0,3,0,anomaly_start_pre_7d,no_low_coverage20,normal_7d,anomaly_start_pre_7d,2,40,9,24,5,6,3
logistic_balanced,0.2222222222222222,0.25,0.16666666666666666,0.3333333333333333,0.2222222222222222,0.11111111111111108,1,5,2,1,anomaly_start_pre_7d,no_low_coverage20,normal_7d,anomaly_start_pre_7d,2,40,9,24,5,6,3
dummy_most_frequent,0.7272727272727273,0.5,0.0,0.0,0.0,0.5,8,0,3,0,anomaly_start_pre_7d,no_low_coverage20,normal_7d,anomaly_start_pre_7d,3,38,11,23,6,8,3
logistic_balanced,0.5454545454545454,0.47916666666666663,0.25,0.3333333333333333,0.2857142857142857,0.375,5,3,2,1,anomaly_start_pre_7d,no_low_coverage20,normal_7d,anomaly_start_pre_7d,3,38,11,23,6,8,3
dummy_most_frequent,0.6666666666666666,0.5,0.0,0.0,0.0,0.5,6,0,3,0,anomaly_start_pre_7d,no_low_coverage20,normal_7d,anomaly_start_pre_7d,4,40,9,23,6,6,3
logistic_balanced,0.5555555555555556,0.5,0.3333333333333333,0.3333333333333333,0.3333333333333333,0.6111111111111112,4,2,2,1,anomaly_start_pre_7d,no_low_coverage20,normal_7d,anomaly_start_pre_7d,4,40,9,23,6,6,3
dummy_most_frequent,0.7777777777777778,0.5,0.0,0.0,0.0,0.5,7,0,2,0,anomaly_start_pre_7d,no_low_coverage20,normal_7d,anomaly_start_pre_7d,5,40,9,23,6,7,2
logistic_balanced,0.5555555555555556,0.35714285714285715,0.0,0.0,0.0,0.5,5,2,2,0,anomaly_start_pre_7d,no_low_coverage20,normal_7d,anomaly_start_pre_7d,5,40,9,23,6,7,2
dummy_most_frequent,0.7272727272727273,0.5,0.0,0.0,0.0,0.5,8,0,3,0,anomaly_start_pre_7d,no_event67_no_event20,normal_7d,anomaly_start_pre_7d,1,37,11,23,6,8,3
logistic_balanced,0.45454545454545453,0.41666666666666663,0.2,0.3333333333333333,0.25,0.3333333333333333,4,4,2,1,anomaly_start_pre_7d,no_event67_no_event20,normal_7d,anomaly_start_pre_7d,1,37,11,23,6,8,3
dummy_most_frequent,0.7,0.5,0.0,0.0,0.0,0.5,7,0,3,0,anomaly_start_pre_7d,no_event67_no_event20,normal_7d,anomaly_start_pre_7d,2,38,10,23,6,7,3
logistic_balanced,0.4,0.38095238095238093,0.2,0.3333333333333333,0.25,0.4285714285714286,3,4,2,1,anomaly_start_pre_7d,no_event67_no_event20,normal_7d,anomaly_start_pre_7d,2,38,10,23,6,7,3
dummy_most_frequent,0.7777777777777778,0.5,0.0,0.0,0.0,0.5,7,0,2,0,anomaly_start_pre_7d,no_event67_no_event20,normal_7d,anomaly_start_pre_7d,3,39,9,24,5,7,2
logistic_balanced,0.4444444444444444,0.2857142857142857,0.0,0.0,0.0,0.2142857142857143,4,3,2,0,anomaly_start_pre_7d,no_event67_no_event20,normal_7d,anomaly_start_pre_7d,3,39,9,24,5,7,2
dummy_most_frequent,0.6666666666666666,0.5,0.0,0.0,0.0,0.5,6,0,3,0,anomaly_start_pre_7d,no_event67_no_event20,normal_7d,anomaly_start_pre_7d,4,39,9,23,6,6,3
logistic_balanced,0.3333333333333333,0.3333333333333333,0.2,0.3333333333333333,0.25,0.5,2,4,2,1,anomaly_start_pre_7d,no_event67_no_event20,normal_7d,anomaly_start_pre_7d,4,39,9,23,6,6,3
dummy_most_frequent,0.7777777777777778,0.5,0.0,0.0,0.0,0.5,7,0,2,0,anomaly_start_pre_7d,no_event67_no_event20,normal_7d,anomaly_start_pre_7d,5,39,9,23,6,7,2
logistic_balanced,0.5555555555555556,0.35714285714285715,0.0,0.0,0.0,0.5,5,2,2,0,anomaly_start_pre_7d,no_event67_no_event20,normal_7d,anomaly_start_pre_7d,5,39,9,23,6,7,2
