feature_set,model,fallback_threshold,system_capability_group,selected_threshold,selection_reason,threshold,rows,normal_rows,pre_event_rows,balanced_accuracy,precision,recall,f1,normal_fpr,tn,fp,fn,tp,rank_score
common13,dummy_most_frequent,0.4,dhw_return,0.4,insufficient_group_data,,,,,,,,,,,,,,
common13,dummy_most_frequent,0.4,dhw_storage,0.3,best_available_no_threshold_meets_recall_fpr,0.3,61.0,34.0,27.0,0.5,0.0,0.0,0.0,0.0,34.0,0.0,27.0,0.0,0.5
common13,dummy_most_frequent,0.4,dhw_storage_return,0.3,best_available_no_threshold_meets_recall_fpr,0.3,22.0,12.0,10.0,0.5,0.0,0.0,0.0,0.0,12.0,0.0,10.0,0.0,0.5
common13,dummy_most_frequent,0.4,dhw_supply,0.4,insufficient_group_data,,,,,,,,,,,,,,
common13,dummy_most_frequent,0.4,heating_common_only,0.3,best_available_no_threshold_meets_recall_fpr,0.3,26.0,16.0,10.0,0.5,0.0,0.0,0.0,0.0,16.0,0.0,10.0,0.0,0.5
common13,dummy_most_frequent,0.5,dhw_return,0.5,insufficient_group_data,,,,,,,,,,,,,,
common13,dummy_most_frequent,0.5,dhw_storage,0.3,best_available_no_threshold_meets_recall_fpr,0.3,61.0,34.0,27.0,0.5,0.0,0.0,0.0,0.0,34.0,0.0,27.0,0.0,0.5
common13,dummy_most_frequent,0.5,dhw_storage_return,0.3,best_available_no_threshold_meets_recall_fpr,0.3,22.0,12.0,10.0,0.5,0.0,0.0,0.0,0.0,12.0,0.0,10.0,0.0,0.5
common13,dummy_most_frequent,0.5,dhw_supply,0.5,insufficient_group_data,,,,,,,,,,,,,,
common13,dummy_most_frequent,0.5,heating_common_only,0.3,best_available_no_threshold_meets_recall_fpr,0.3,26.0,16.0,10.0,0.5,0.0,0.0,0.0,0.0,16.0,0.0,10.0,0.0,0.5
common13,dummy_most_frequent,0.6,dhw_return,0.6,insufficient_group_data,,,,,,,,,,,,,,
common13,dummy_most_frequent,0.6,dhw_storage,0.3,best_available_no_threshold_meets_recall_fpr,0.3,61.0,34.0,27.0,0.5,0.0,0.0,0.0,0.0,34.0,0.0,27.0,0.0,0.5
common13,dummy_most_frequent,0.6,dhw_storage_return,0.3,best_available_no_threshold_meets_recall_fpr,0.3,22.0,12.0,10.0,0.5,0.0,0.0,0.0,0.0,12.0,0.0,10.0,0.0,0.5
common13,dummy_most_frequent,0.6,dhw_supply,0.6,insufficient_group_data,,,,,,,,,,,,,,
common13,dummy_most_frequent,0.6,heating_common_only,0.3,best_available_no_threshold_meets_recall_fpr,0.3,26.0,16.0,10.0,0.5,0.0,0.0,0.0,0.0,16.0,0.0,10.0,0.0,0.5
common13,extra_trees_depth3,0.4,dhw_return,0.4,insufficient_group_data,,,,,,,,,,,,,,
common13,extra_trees_depth3,0.4,dhw_storage,0.5,best_available_no_threshold_meets_recall_fpr,0.5,61.0,34.0,27.0,0.803921568627451,0.9,0.6666666666666666,0.7659574468085106,0.058823529411764705,32.0,2.0,9.0,18.0,1.411764705882353
common13,extra_trees_depth3,0.4,dhw_storage_return,0.5,meets_group_recall_fpr,0.5,22.0,12.0,10.0,0.775,0.7272727272727273,0.8,0.7619047619047619,0.25,9.0,3.0,2.0,8.0,0.925
common13,extra_trees_depth3,0.4,dhw_supply,0.4,insufficient_group_data,,,,,,,,,,,,,,
common13,extra_trees_depth3,0.4,heating_common_only,0.5,best_available_no_threshold_meets_recall_fpr,0.5,26.0,16.0,10.0,0.76875,0.8571428571428571,0.6,0.7058823529411765,0.0625,15.0,1.0,4.0,6.0,1.30625
common13,extra_trees_depth3,0.5,dhw_return,0.5,insufficient_group_data,,,,,,,,,,,,,,
common13,extra_trees_depth3,0.5,dhw_storage,0.5,best_available_no_threshold_meets_recall_fpr,0.5,61.0,34.0,27.0,0.803921568627451,0.9,0.6666666666666666,0.7659574468085106,0.058823529411764705,32.0,2.0,9.0,18.0,1.411764705882353
common13,extra_trees_depth3,0.5,dhw_storage_return,0.5,meets_group_recall_fpr,0.5,22.0,12.0,10.0,0.775,0.7272727272727273,0.8,0.7619047619047619,0.25,9.0,3.0,2.0,8.0,0.925
common13,extra_trees_depth3,0.5,dhw_supply,0.5,insufficient_group_data,,,,,,,,,,,,,,
common13,extra_trees_depth3,0.5,heating_common_only,0.5,best_available_no_threshold_meets_recall_fpr,0.5,26.0,16.0,10.0,0.76875,0.8571428571428571,0.6,0.7058823529411765,0.0625,15.0,1.0,4.0,6.0,1.30625
common13,extra_trees_depth3,0.6,dhw_return,0.6,insufficient_group_data,,,,,,,,,,,,,,
common13,extra_trees_depth3,0.6,dhw_storage,0.5,best_available_no_threshold_meets_recall_fpr,0.5,61.0,34.0,27.0,0.803921568627451,0.9,0.6666666666666666,0.7659574468085106,0.058823529411764705,32.0,2.0,9.0,18.0,1.411764705882353
common13,extra_trees_depth3,0.6,dhw_storage_return,0.5,meets_group_recall_fpr,0.5,22.0,12.0,10.0,0.775,0.7272727272727273,0.8,0.7619047619047619,0.25,9.0,3.0,2.0,8.0,0.925
common13,extra_trees_depth3,0.6,dhw_supply,0.6,insufficient_group_data,,,,,,,,,,,,,,
common13,extra_trees_depth3,0.6,heating_common_only,0.5,best_available_no_threshold_meets_recall_fpr,0.5,26.0,16.0,10.0,0.76875,0.8571428571428571,0.6,0.7058823529411765,0.0625,15.0,1.0,4.0,6.0,1.30625
common13,extra_trees_depth5,0.4,dhw_return,0.4,insufficient_group_data,,,,,,,,,,,,,,
common13,extra_trees_depth5,0.4,dhw_storage,0.5,meets_group_recall_fpr,0.5,61.0,34.0,27.0,0.8224400871459695,0.9047619047619048,0.7037037037037037,0.7916666666666666,0.058823529411764705,32.0,2.0,8.0,19.0,1.1154684095860568
common13,extra_trees_depth5,0.4,dhw_storage_return,0.5,meets_group_recall_fpr,0.5,22.0,12.0,10.0,0.725,0.7,0.7,0.7,0.25,9.0,3.0,3.0,7.0,0.825
common13,extra_trees_depth5,0.4,dhw_supply,0.4,insufficient_group_data,,,,,,,,,,,,,,
common13,extra_trees_depth5,0.4,heating_common_only,0.5,best_available_no_threshold_meets_recall_fpr,0.5,26.0,16.0,10.0,0.76875,0.8571428571428571,0.6,0.7058823529411765,0.0625,15.0,1.0,4.0,6.0,1.30625
common13,extra_trees_depth5,0.5,dhw_return,0.5,insufficient_group_data,,,,,,,,,,,,,,
common13,extra_trees_depth5,0.5,dhw_storage,0.5,meets_group_recall_fpr,0.5,61.0,34.0,27.0,0.8224400871459695,0.9047619047619048,0.7037037037037037,0.7916666666666666,0.058823529411764705,32.0,2.0,8.0,19.0,1.1154684095860568
common13,extra_trees_depth5,0.5,dhw_storage_return,0.5,meets_group_recall_fpr,0.5,22.0,12.0,10.0,0.725,0.7,0.7,0.7,0.25,9.0,3.0,3.0,7.0,0.825
common13,extra_trees_depth5,0.5,dhw_supply,0.5,insufficient_group_data,,,,,,,,,,,,,,
common13,extra_trees_depth5,0.5,heating_common_only,0.5,best_available_no_threshold_meets_recall_fpr,0.5,26.0,16.0,10.0,0.76875,0.8571428571428571,0.6,0.7058823529411765,0.0625,15.0,1.0,4.0,6.0,1.30625
common13,extra_trees_depth5,0.6,dhw_return,0.6,insufficient_group_data,,,,,,,,,,,,,,
common13,extra_trees_depth5,0.6,dhw_storage,0.5,meets_group_recall_fpr,0.5,61.0,34.0,27.0,0.8224400871459695,0.9047619047619048,0.7037037037037037,0.7916666666666666,0.058823529411764705,32.0,2.0,8.0,19.0,1.1154684095860568
common13,extra_trees_depth5,0.6,dhw_storage_return,0.5,meets_group_recall_fpr,0.5,22.0,12.0,10.0,0.725,0.7,0.7,0.7,0.25,9.0,3.0,3.0,7.0,0.825
common13,extra_trees_depth5,0.6,dhw_supply,0.6,insufficient_group_data,,,,,,,,,,,,,,
common13,extra_trees_depth5,0.6,heating_common_only,0.5,best_available_no_threshold_meets_recall_fpr,0.5,26.0,16.0,10.0,0.76875,0.8571428571428571,0.6,0.7058823529411765,0.0625,15.0,1.0,4.0,6.0,1.30625
common13,hist_gradient_boosting,0.4,dhw_return,0.4,insufficient_group_data,,,,,,,,,,,,,,
common13,hist_gradient_boosting,0.4,dhw_storage,0.5,meets_group_recall_fpr,0.5,61.0,34.0,27.0,0.8485838779956427,0.8461538461538461,0.8148148148148148,0.8301886792452831,0.11764705882352941,30.0,4.0,5.0,22.0,1.1383442265795207
common13,hist_gradient_boosting,0.4,dhw_storage_return,0.5,meets_group_recall_fpr,0.5,22.0,12.0,10.0,0.875,0.7692307692307693,1.0,0.8695652173913043,0.25,9.0,3.0,0.0,10.0,1.125
common13,hist_gradient_boosting,0.4,dhw_supply,0.4,insufficient_group_data,,,,,,,,,,,,,,
common13,hist_gradient_boosting,0.4,heating_common_only,0.5,meets_group_recall_fpr,0.5,26.0,16.0,10.0,0.91875,0.9,0.9,0.9,0.0625,15.0,1.0,1.0,9.0,1.30625
common13,hist_gradient_boosting,0.5,dhw_return,0.5,insufficient_group_data,,,,,,,,,,,,,,
common13,hist_gradient_boosting,0.5,dhw_storage,0.5,meets_group_recall_fpr,0.5,61.0,34.0,27.0,0.8485838779956427,0.8461538461538461,0.8148148148148148,0.8301886792452831,0.11764705882352941,30.0,4.0,5.0,22.0,1.1383442265795207
common13,hist_gradient_boosting,0.5,dhw_storage_return,0.5,meets_group_recall_fpr,0.5,22.0,12.0,10.0,0.875,0.7692307692307693,1.0,0.8695652173913043,0.25,9.0,3.0,0.0,10.0,1.125
common13,hist_gradient_boosting,0.5,dhw_supply,0.5,insufficient_group_data,,,,,,,,,,,,,,
common13,hist_gradient_boosting,0.5,heating_common_only,0.5,meets_group_recall_fpr,0.5,26.0,16.0,10.0,0.91875,0.9,0.9,0.9,0.0625,15.0,1.0,1.0,9.0,1.30625
common13,hist_gradient_boosting,0.6,dhw_return,0.6,insufficient_group_data,,,,,,,,,,,,,,
common13,hist_gradient_boosting,0.6,dhw_storage,0.5,meets_group_recall_fpr,0.5,61.0,34.0,27.0,0.8485838779956427,0.8461538461538461,0.8148148148148148,0.8301886792452831,0.11764705882352941,30.0,4.0,5.0,22.0,1.1383442265795207
common13,hist_gradient_boosting,0.6,dhw_storage_return,0.5,meets_group_recall_fpr,0.5,22.0,12.0,10.0,0.875,0.7692307692307693,1.0,0.8695652173913043,0.25,9.0,3.0,0.0,10.0,1.125
common13,hist_gradient_boosting,0.6,dhw_supply,0.6,insufficient_group_data,,,,,,,,,,,,,,
common13,hist_gradient_boosting,0.6,heating_common_only,0.5,meets_group_recall_fpr,0.5,26.0,16.0,10.0,0.91875,0.9,0.9,0.9,0.0625,15.0,1.0,1.0,9.0,1.30625
common13,lightgbm_depth3,0.4,dhw_return,0.4,insufficient_group_data,,,,,,,,,,,,,,
common13,lightgbm_depth3,0.4,dhw_storage,0.3,meets_group_recall_fpr,0.3,61.0,34.0,27.0,0.8671023965141612,0.8518518518518519,0.8518518518518519,0.8518518518518519,0.11764705882352941,30.0,4.0,4.0,23.0,1.1753812636165577
common13,lightgbm_depth3,0.4,dhw_storage_return,0.6,meets_group_recall_fpr,0.6,22.0,12.0,10.0,0.8666666666666667,0.8181818181818182,0.9,0.8571428571428571,0.16666666666666666,10.0,2.0,1.0,9.0,1.15
common13,lightgbm_depth3,0.4,dhw_supply,0.4,insufficient_group_data,,,,,,,,,,,,,,
common13,lightgbm_depth3,0.4,heating_common_only,0.4,meets_group_recall_fpr,0.4,26.0,16.0,10.0,0.95,1.0,0.9,0.9473684210526315,0.0,16.0,0.0,1.0,9.0,1.4
common13,lightgbm_depth3,0.5,dhw_return,0.5,insufficient_group_data,,,,,,,,,,,,,,
common13,lightgbm_depth3,0.5,dhw_storage,0.3,meets_group_recall_fpr,0.3,61.0,34.0,27.0,0.8671023965141612,0.8518518518518519,0.8518518518518519,0.8518518518518519,0.11764705882352941,30.0,4.0,4.0,23.0,1.1753812636165577
common13,lightgbm_depth3,0.5,dhw_storage_return,0.6,meets_group_recall_fpr,0.6,22.0,12.0,10.0,0.8666666666666667,0.8181818181818182,0.9,0.8571428571428571,0.16666666666666666,10.0,2.0,1.0,9.0,1.15
common13,lightgbm_depth3,0.5,dhw_supply,0.5,insufficient_group_data,,,,,,,,,,,,,,
common13,lightgbm_depth3,0.5,heating_common_only,0.4,meets_group_recall_fpr,0.4,26.0,16.0,10.0,0.95,1.0,0.9,0.9473684210526315,0.0,16.0,0.0,1.0,9.0,1.4
common13,lightgbm_depth3,0.6,dhw_return,0.6,insufficient_group_data,,,,,,,,,,,,,,
common13,lightgbm_depth3,0.6,dhw_storage,0.3,meets_group_recall_fpr,0.3,61.0,34.0,27.0,0.8671023965141612,0.8518518518518519,0.8518518518518519,0.8518518518518519,0.11764705882352941,30.0,4.0,4.0,23.0,1.1753812636165577
common13,lightgbm_depth3,0.6,dhw_storage_return,0.6,meets_group_recall_fpr,0.6,22.0,12.0,10.0,0.8666666666666667,0.8181818181818182,0.9,0.8571428571428571,0.16666666666666666,10.0,2.0,1.0,9.0,1.15
common13,lightgbm_depth3,0.6,dhw_supply,0.6,insufficient_group_data,,,,,,,,,,,,,,
common13,lightgbm_depth3,0.6,heating_common_only,0.4,meets_group_recall_fpr,0.4,26.0,16.0,10.0,0.95,1.0,0.9,0.9473684210526315,0.0,16.0,0.0,1.0,9.0,1.4
common13,logistic_balanced,0.4,dhw_return,0.4,insufficient_group_data,,,,,,,,,,,,,,
common13,logistic_balanced,0.4,dhw_storage,0.5,meets_group_recall_fpr,0.5,61.0,34.0,27.0,0.8594771241830066,0.9130434782608695,0.7777777777777778,0.84,0.058823529411764705,32.0,2.0,6.0,21.0,1.1895424836601307
common13,logistic_balanced,0.4,dhw_storage_return,0.4,meets_group_recall_fpr,0.4,22.0,12.0,10.0,0.825,0.75,0.9,0.8181818181818182,0.25,9.0,3.0,1.0,9.0,1.025
common13,logistic_balanced,0.4,dhw_supply,0.4,insufficient_group_data,,,,,,,,,,,,,,
common13,logistic_balanced,0.4,heating_common_only,0.7,meets_group_recall_fpr,0.7,26.0,16.0,10.0,0.85,1.0,0.7,0.8235294117647058,0.0,16.0,0.0,3.0,7.0,1.2
common13,logistic_balanced,0.5,dhw_return,0.5,insufficient_group_data,,,,,,,,,,,,,,
common13,logistic_balanced,0.5,dhw_storage,0.5,meets_group_recall_fpr,0.5,61.0,34.0,27.0,0.8594771241830066,0.9130434782608695,0.7777777777777778,0.84,0.058823529411764705,32.0,2.0,6.0,21.0,1.1895424836601307
common13,logistic_balanced,0.5,dhw_storage_return,0.4,meets_group_recall_fpr,0.4,22.0,12.0,10.0,0.825,0.75,0.9,0.8181818181818182,0.25,9.0,3.0,1.0,9.0,1.025
common13,logistic_balanced,0.5,dhw_supply,0.5,insufficient_group_data,,,,,,,,,,,,,,
common13,logistic_balanced,0.5,heating_common_only,0.7,meets_group_recall_fpr,0.7,26.0,16.0,10.0,0.85,1.0,0.7,0.8235294117647058,0.0,16.0,0.0,3.0,7.0,1.2
common13,logistic_balanced,0.6,dhw_return,0.6,insufficient_group_data,,,,,,,,,,,,,,
common13,logistic_balanced,0.6,dhw_storage,0.5,meets_group_recall_fpr,0.5,61.0,34.0,27.0,0.8594771241830066,0.9130434782608695,0.7777777777777778,0.84,0.058823529411764705,32.0,2.0,6.0,21.0,1.1895424836601307
common13,logistic_balanced,0.6,dhw_storage_return,0.4,meets_group_recall_fpr,0.4,22.0,12.0,10.0,0.825,0.75,0.9,0.8181818181818182,0.25,9.0,3.0,1.0,9.0,1.025
common13,logistic_balanced,0.6,dhw_supply,0.6,insufficient_group_data,,,,,,,,,,,,,,
common13,logistic_balanced,0.6,heating_common_only,0.7,meets_group_recall_fpr,0.7,26.0,16.0,10.0,0.85,1.0,0.7,0.8235294117647058,0.0,16.0,0.0,3.0,7.0,1.2
common13,random_forest_depth3,0.4,dhw_return,0.4,insufficient_group_data,,,,,,,,,,,,,,
common13,random_forest_depth3,0.4,dhw_storage,0.5,meets_group_recall_fpr,0.5,61.0,34.0,27.0,0.8262527233115469,0.8695652173913043,0.7407407407407407,0.8,0.08823529411764706,31.0,3.0,7.0,20.0,1.1083877995642701
common13,random_forest_depth3,0.4,dhw_storage_return,0.5,meets_group_recall_fpr,0.5,22.0,12.0,10.0,0.825,0.75,0.9,0.8181818181818182,0.25,9.0,3.0,1.0,9.0,1.025
common13,random_forest_depth3,0.4,dhw_supply,0.4,insufficient_group_data,,,,,,,,,,,,,,
common13,random_forest_depth3,0.4,heating_common_only,0.6,meets_group_recall_fpr,0.6,26.0,16.0,10.0,0.9,1.0,0.8,0.8888888888888888,0.0,16.0,0.0,2.0,8.0,1.3
common13,random_forest_depth3,0.5,dhw_return,0.5,insufficient_group_data,,,,,,,,,,,,,,
common13,random_forest_depth3,0.5,dhw_storage,0.5,meets_group_recall_fpr,0.5,61.0,34.0,27.0,0.8262527233115469,0.8695652173913043,0.7407407407407407,0.8,0.08823529411764706,31.0,3.0,7.0,20.0,1.1083877995642701
common13,random_forest_depth3,0.5,dhw_storage_return,0.5,meets_group_recall_fpr,0.5,22.0,12.0,10.0,0.825,0.75,0.9,0.8181818181818182,0.25,9.0,3.0,1.0,9.0,1.025
common13,random_forest_depth3,0.5,dhw_supply,0.5,insufficient_group_data,,,,,,,,,,,,,,
common13,random_forest_depth3,0.5,heating_common_only,0.6,meets_group_recall_fpr,0.6,26.0,16.0,10.0,0.9,1.0,0.8,0.8888888888888888,0.0,16.0,0.0,2.0,8.0,1.3
common13,random_forest_depth3,0.6,dhw_return,0.6,insufficient_group_data,,,,,,,,,,,,,,
common13,random_forest_depth3,0.6,dhw_storage,0.5,meets_group_recall_fpr,0.5,61.0,34.0,27.0,0.8262527233115469,0.8695652173913043,0.7407407407407407,0.8,0.08823529411764706,31.0,3.0,7.0,20.0,1.1083877995642701
common13,random_forest_depth3,0.6,dhw_storage_return,0.5,meets_group_recall_fpr,0.5,22.0,12.0,10.0,0.825,0.75,0.9,0.8181818181818182,0.25,9.0,3.0,1.0,9.0,1.025
common13,random_forest_depth3,0.6,dhw_supply,0.6,insufficient_group_data,,,,,,,,,,,,,,
common13,random_forest_depth3,0.6,heating_common_only,0.6,meets_group_recall_fpr,0.6,26.0,16.0,10.0,0.9,1.0,0.8,0.8888888888888888,0.0,16.0,0.0,2.0,8.0,1.3
common13,random_forest_depth5,0.4,dhw_return,0.4,insufficient_group_data,,,,,,,,,,,,,,
common13,random_forest_depth5,0.4,dhw_storage,0.4,meets_group_recall_fpr,0.4,61.0,34.0,27.0,0.8415032679738561,0.7741935483870968,0.8888888888888888,0.8275862068965517,0.20588235294117646,27.0,7.0,3.0,24.0,1.0800653594771241
common13,random_forest_depth5,0.4,dhw_storage_return,0.6,meets_group_recall_fpr,0.6,22.0,12.0,10.0,0.7666666666666666,0.7777777777777778,0.7,0.7368421052631579,0.16666666666666666,10.0,2.0,3.0,7.0,0.9500000000000001
common13,random_forest_depth5,0.4,dhw_supply,0.4,insufficient_group_data,,,,,,,,,,,,,,
common13,random_forest_depth5,0.4,heating_common_only,0.5,meets_group_recall_fpr,0.5,26.0,16.0,10.0,0.86875,0.8888888888888888,0.8,0.8421052631578947,0.0625,15.0,1.0,2.0,8.0,1.20625
common13,random_forest_depth5,0.5,dhw_return,0.5,insufficient_group_data,,,,,,,,,,,,,,
common13,random_forest_depth5,0.5,dhw_storage,0.4,meets_group_recall_fpr,0.4,61.0,34.0,27.0,0.8415032679738561,0.7741935483870968,0.8888888888888888,0.8275862068965517,0.20588235294117646,27.0,7.0,3.0,24.0,1.0800653594771241
common13,random_forest_depth5,0.5,dhw_storage_return,0.6,meets_group_recall_fpr,0.6,22.0,12.0,10.0,0.7666666666666666,0.7777777777777778,0.7,0.7368421052631579,0.16666666666666666,10.0,2.0,3.0,7.0,0.9500000000000001
common13,random_forest_depth5,0.5,dhw_supply,0.5,insufficient_group_data,,,,,,,,,,,,,,
common13,random_forest_depth5,0.5,heating_common_only,0.5,meets_group_recall_fpr,0.5,26.0,16.0,10.0,0.86875,0.8888888888888888,0.8,0.8421052631578947,0.0625,15.0,1.0,2.0,8.0,1.20625
common13,random_forest_depth5,0.6,dhw_return,0.6,insufficient_group_data,,,,,,,,,,,,,,
common13,random_forest_depth5,0.6,dhw_storage,0.4,meets_group_recall_fpr,0.4,61.0,34.0,27.0,0.8415032679738561,0.7741935483870968,0.8888888888888888,0.8275862068965517,0.20588235294117646,27.0,7.0,3.0,24.0,1.0800653594771241
common13,random_forest_depth5,0.6,dhw_storage_return,0.6,meets_group_recall_fpr,0.6,22.0,12.0,10.0,0.7666666666666666,0.7777777777777778,0.7,0.7368421052631579,0.16666666666666666,10.0,2.0,3.0,7.0,0.9500000000000001
common13,random_forest_depth5,0.6,dhw_supply,0.6,insufficient_group_data,,,,,,,,,,,,,,
common13,random_forest_depth5,0.6,heating_common_only,0.5,meets_group_recall_fpr,0.5,26.0,16.0,10.0,0.86875,0.8888888888888888,0.8,0.8421052631578947,0.0625,15.0,1.0,2.0,8.0,1.20625
common13,xgboost_depth3,0.4,dhw_return,0.4,insufficient_group_data,,,,,,,,,,,,,,
common13,xgboost_depth3,0.4,dhw_storage,0.4,meets_group_recall_fpr,0.4,61.0,34.0,27.0,0.8485838779956427,0.8461538461538461,0.8148148148148148,0.8301886792452831,0.11764705882352941,30.0,4.0,5.0,22.0,1.1383442265795207
common13,xgboost_depth3,0.4,dhw_storage_return,0.7,meets_group_recall_fpr,0.7,22.0,12.0,10.0,0.8166666666666667,0.8,0.8,0.8,0.16666666666666666,10.0,2.0,2.0,8.0,1.05
common13,xgboost_depth3,0.4,dhw_supply,0.4,insufficient_group_data,,,,,,,,,,,,,,
common13,xgboost_depth3,0.4,heating_common_only,0.4,meets_group_recall_fpr,0.4,26.0,16.0,10.0,0.96875,0.9090909090909091,1.0,0.9523809523809523,0.0625,15.0,1.0,0.0,10.0,1.40625
common13,xgboost_depth3,0.5,dhw_return,0.5,insufficient_group_data,,,,,,,,,,,,,,
common13,xgboost_depth3,0.5,dhw_storage,0.4,meets_group_recall_fpr,0.4,61.0,34.0,27.0,0.8485838779956427,0.8461538461538461,0.8148148148148148,0.8301886792452831,0.11764705882352941,30.0,4.0,5.0,22.0,1.1383442265795207
common13,xgboost_depth3,0.5,dhw_storage_return,0.7,meets_group_recall_fpr,0.7,22.0,12.0,10.0,0.8166666666666667,0.8,0.8,0.8,0.16666666666666666,10.0,2.0,2.0,8.0,1.05
common13,xgboost_depth3,0.5,dhw_supply,0.5,insufficient_group_data,,,,,,,,,,,,,,
common13,xgboost_depth3,0.5,heating_common_only,0.4,meets_group_recall_fpr,0.4,26.0,16.0,10.0,0.96875,0.9090909090909091,1.0,0.9523809523809523,0.0625,15.0,1.0,0.0,10.0,1.40625
common13,xgboost_depth3,0.6,dhw_return,0.6,insufficient_group_data,,,,,,,,,,,,,,
common13,xgboost_depth3,0.6,dhw_storage,0.4,meets_group_recall_fpr,0.4,61.0,34.0,27.0,0.8485838779956427,0.8461538461538461,0.8148148148148148,0.8301886792452831,0.11764705882352941,30.0,4.0,5.0,22.0,1.1383442265795207
common13,xgboost_depth3,0.6,dhw_storage_return,0.7,meets_group_recall_fpr,0.7,22.0,12.0,10.0,0.8166666666666667,0.8,0.8,0.8,0.16666666666666666,10.0,2.0,2.0,8.0,1.05
common13,xgboost_depth3,0.6,dhw_supply,0.6,insufficient_group_data,,,,,,,,,,,,,,
common13,xgboost_depth3,0.6,heating_common_only,0.4,meets_group_recall_fpr,0.4,26.0,16.0,10.0,0.96875,0.9090909090909091,1.0,0.9523809523809523,0.0625,15.0,1.0,0.0,10.0,1.40625
standard_common,dummy_most_frequent,0.4,dhw_return,0.4,insufficient_group_data,,,,,,,,,,,,,,
standard_common,dummy_most_frequent,0.4,dhw_storage,0.3,best_available_no_threshold_meets_recall_fpr,0.3,61.0,34.0,27.0,0.5,0.0,0.0,0.0,0.0,34.0,0.0,27.0,0.0,0.5
standard_common,dummy_most_frequent,0.4,dhw_storage_return,0.3,best_available_no_threshold_meets_recall_fpr,0.3,22.0,12.0,10.0,0.5,0.0,0.0,0.0,0.0,12.0,0.0,10.0,0.0,0.5
standard_common,dummy_most_frequent,0.4,dhw_supply,0.4,insufficient_group_data,,,,,,,,,,,,,,
standard_common,dummy_most_frequent,0.4,heating_common_only,0.3,best_available_no_threshold_meets_recall_fpr,0.3,26.0,16.0,10.0,0.5,0.0,0.0,0.0,0.0,16.0,0.0,10.0,0.0,0.5
standard_common,dummy_most_frequent,0.5,dhw_return,0.5,insufficient_group_data,,,,,,,,,,,,,,
standard_common,dummy_most_frequent,0.5,dhw_storage,0.3,best_available_no_threshold_meets_recall_fpr,0.3,61.0,34.0,27.0,0.5,0.0,0.0,0.0,0.0,34.0,0.0,27.0,0.0,0.5
standard_common,dummy_most_frequent,0.5,dhw_storage_return,0.3,best_available_no_threshold_meets_recall_fpr,0.3,22.0,12.0,10.0,0.5,0.0,0.0,0.0,0.0,12.0,0.0,10.0,0.0,0.5
standard_common,dummy_most_frequent,0.5,dhw_supply,0.5,insufficient_group_data,,,,,,,,,,,,,,
standard_common,dummy_most_frequent,0.5,heating_common_only,0.3,best_available_no_threshold_meets_recall_fpr,0.3,26.0,16.0,10.0,0.5,0.0,0.0,0.0,0.0,16.0,0.0,10.0,0.0,0.5
standard_common,dummy_most_frequent,0.6,dhw_return,0.6,insufficient_group_data,,,,,,,,,,,,,,
standard_common,dummy_most_frequent,0.6,dhw_storage,0.3,best_available_no_threshold_meets_recall_fpr,0.3,61.0,34.0,27.0,0.5,0.0,0.0,0.0,0.0,34.0,0.0,27.0,0.0,0.5
standard_common,dummy_most_frequent,0.6,dhw_storage_return,0.3,best_available_no_threshold_meets_recall_fpr,0.3,22.0,12.0,10.0,0.5,0.0,0.0,0.0,0.0,12.0,0.0,10.0,0.0,0.5
standard_common,dummy_most_frequent,0.6,dhw_supply,0.6,insufficient_group_data,,,,,,,,,,,,,,
standard_common,dummy_most_frequent,0.6,heating_common_only,0.3,best_available_no_threshold_meets_recall_fpr,0.3,26.0,16.0,10.0,0.5,0.0,0.0,0.0,0.0,16.0,0.0,10.0,0.0,0.5
standard_common,extra_trees_depth3,0.4,dhw_return,0.4,insufficient_group_data,,,,,,,,,,,,,,
standard_common,extra_trees_depth3,0.4,dhw_storage,0.5,best_available_no_threshold_meets_recall_fpr,0.5,61.0,34.0,27.0,0.6263616557734204,0.7142857142857143,0.37037037037037035,0.4878048780487805,0.11764705882352941,30.0,4.0,17.0,10.0,0.8790849673202613
standard_common,extra_trees_depth3,0.4,dhw_storage_return,0.4,best_available_no_threshold_meets_recall_fpr,0.4,22.0,12.0,10.0,0.5416666666666666,0.47619047619047616,1.0,0.6451612903225806,0.9166666666666666,1.0,11.0,0.0,10.0,0.6249999999999999
standard_common,extra_trees_depth3,0.4,dhw_supply,0.4,insufficient_group_data,,,,,,,,,,,,,,
standard_common,extra_trees_depth3,0.4,heating_common_only,0.7,best_available_no_threshold_meets_recall_fpr,0.7,26.0,16.0,10.0,0.55,1.0,0.1,0.18181818181818182,0.0,16.0,0.0,9.0,1.0,0.65
standard_common,extra_trees_depth3,0.5,dhw_return,0.5,insufficient_group_data,,,,,,,,,,,,,,
standard_common,extra_trees_depth3,0.5,dhw_storage,0.5,best_available_no_threshold_meets_recall_fpr,0.5,61.0,34.0,27.0,0.6263616557734204,0.7142857142857143,0.37037037037037035,0.4878048780487805,0.11764705882352941,30.0,4.0,17.0,10.0,0.8790849673202613
standard_common,extra_trees_depth3,0.5,dhw_storage_return,0.4,best_available_no_threshold_meets_recall_fpr,0.4,22.0,12.0,10.0,0.5416666666666666,0.47619047619047616,1.0,0.6451612903225806,0.9166666666666666,1.0,11.0,0.0,10.0,0.6249999999999999
standard_common,extra_trees_depth3,0.5,dhw_supply,0.5,insufficient_group_data,,,,,,,,,,,,,,
standard_common,extra_trees_depth3,0.5,heating_common_only,0.7,best_available_no_threshold_meets_recall_fpr,0.7,26.0,16.0,10.0,0.55,1.0,0.1,0.18181818181818182,0.0,16.0,0.0,9.0,1.0,0.65
standard_common,extra_trees_depth3,0.6,dhw_return,0.6,insufficient_group_data,,,,,,,,,,,,,,
standard_common,extra_trees_depth3,0.6,dhw_storage,0.5,best_available_no_threshold_meets_recall_fpr,0.5,61.0,34.0,27.0,0.6263616557734204,0.7142857142857143,0.37037037037037035,0.4878048780487805,0.11764705882352941,30.0,4.0,17.0,10.0,0.8790849673202613
standard_common,extra_trees_depth3,0.6,dhw_storage_return,0.4,best_available_no_threshold_meets_recall_fpr,0.4,22.0,12.0,10.0,0.5416666666666666,0.47619047619047616,1.0,0.6451612903225806,0.9166666666666666,1.0,11.0,0.0,10.0,0.6249999999999999
standard_common,extra_trees_depth3,0.6,dhw_supply,0.6,insufficient_group_data,,,,,,,,,,,,,,
standard_common,extra_trees_depth3,0.6,heating_common_only,0.7,best_available_no_threshold_meets_recall_fpr,0.7,26.0,16.0,10.0,0.55,1.0,0.1,0.18181818181818182,0.0,16.0,0.0,9.0,1.0,0.65
standard_common,extra_trees_depth5,0.4,dhw_return,0.4,insufficient_group_data,,,,,,,,,,,,,,
standard_common,extra_trees_depth5,0.4,dhw_storage,0.5,best_available_no_threshold_meets_recall_fpr,0.5,61.0,34.0,27.0,0.6486928104575163,0.7058823529411765,0.4444444444444444,0.5454545454545454,0.14705882352941177,29.0,5.0,15.0,12.0,0.9460784313725489
standard_common,extra_trees_depth5,0.4,dhw_storage_return,0.6,best_available_no_threshold_meets_recall_fpr,0.6,22.0,12.0,10.0,0.55,1.0,0.1,0.18181818181818182,0.0,12.0,0.0,9.0,1.0,0.65
standard_common,extra_trees_depth5,0.4,dhw_supply,0.4,insufficient_group_data,,,,,,,,,,,,,,
standard_common,extra_trees_depth5,0.4,heating_common_only,0.6,best_available_no_threshold_meets_recall_fpr,0.6,26.0,16.0,10.0,0.6875,0.7142857142857143,0.5,0.5882352941176471,0.125,14.0,2.0,5.0,5.0,1.0625
standard_common,extra_trees_depth5,0.5,dhw_return,0.5,insufficient_group_data,,,,,,,,,,,,,,
standard_common,extra_trees_depth5,0.5,dhw_storage,0.5,best_available_no_threshold_meets_recall_fpr,0.5,61.0,34.0,27.0,0.6486928104575163,0.7058823529411765,0.4444444444444444,0.5454545454545454,0.14705882352941177,29.0,5.0,15.0,12.0,0.9460784313725489
standard_common,extra_trees_depth5,0.5,dhw_storage_return,0.6,best_available_no_threshold_meets_recall_fpr,0.6,22.0,12.0,10.0,0.55,1.0,0.1,0.18181818181818182,0.0,12.0,0.0,9.0,1.0,0.65
standard_common,extra_trees_depth5,0.5,dhw_supply,0.5,insufficient_group_data,,,,,,,,,,,,,,
standard_common,extra_trees_depth5,0.5,heating_common_only,0.6,best_available_no_threshold_meets_recall_fpr,0.6,26.0,16.0,10.0,0.6875,0.7142857142857143,0.5,0.5882352941176471,0.125,14.0,2.0,5.0,5.0,1.0625
standard_common,extra_trees_depth5,0.6,dhw_return,0.6,insufficient_group_data,,,,,,,,,,,,,,
standard_common,extra_trees_depth5,0.6,dhw_storage,0.5,best_available_no_threshold_meets_recall_fpr,0.5,61.0,34.0,27.0,0.6486928104575163,0.7058823529411765,0.4444444444444444,0.5454545454545454,0.14705882352941177,29.0,5.0,15.0,12.0,0.9460784313725489
standard_common,extra_trees_depth5,0.6,dhw_storage_return,0.6,best_available_no_threshold_meets_recall_fpr,0.6,22.0,12.0,10.0,0.55,1.0,0.1,0.18181818181818182,0.0,12.0,0.0,9.0,1.0,0.65
standard_common,extra_trees_depth5,0.6,dhw_supply,0.6,insufficient_group_data,,,,,,,,,,,,,,
standard_common,extra_trees_depth5,0.6,heating_common_only,0.6,best_available_no_threshold_meets_recall_fpr,0.6,26.0,16.0,10.0,0.6875,0.7142857142857143,0.5,0.5882352941176471,0.125,14.0,2.0,5.0,5.0,1.0625
standard_common,hist_gradient_boosting,0.4,dhw_return,0.4,insufficient_group_data,,,,,,,,,,,,,,
standard_common,hist_gradient_boosting,0.4,dhw_storage,0.5,best_available_no_threshold_meets_recall_fpr,0.5,61.0,34.0,27.0,0.7189542483660131,0.7894736842105263,0.5555555555555556,0.6521739130434783,0.11764705882352941,30.0,4.0,12.0,15.0,1.156862745098039
standard_common,hist_gradient_boosting,0.4,dhw_storage_return,0.6,best_available_no_threshold_meets_recall_fpr,0.6,22.0,12.0,10.0,0.6083333333333333,0.75,0.3,0.42857142857142855,0.08333333333333333,11.0,1.0,7.0,3.0,0.8249999999999998
standard_common,hist_gradient_boosting,0.4,dhw_supply,0.4,insufficient_group_data,,,,,,,,,,,,,,
standard_common,hist_gradient_boosting,0.4,heating_common_only,0.7,best_available_no_threshold_meets_recall_fpr,0.7,26.0,16.0,10.0,0.61875,0.75,0.3,0.42857142857142855,0.0625,15.0,1.0,7.0,3.0,0.85625
standard_common,hist_gradient_boosting,0.5,dhw_return,0.5,insufficient_group_data,,,,,,,,,,,,,,
standard_common,hist_gradient_boosting,0.5,dhw_storage,0.5,best_available_no_threshold_meets_recall_fpr,0.5,61.0,34.0,27.0,0.7189542483660131,0.7894736842105263,0.5555555555555556,0.6521739130434783,0.11764705882352941,30.0,4.0,12.0,15.0,1.156862745098039
standard_common,hist_gradient_boosting,0.5,dhw_storage_return,0.6,best_available_no_threshold_meets_recall_fpr,0.6,22.0,12.0,10.0,0.6083333333333333,0.75,0.3,0.42857142857142855,0.08333333333333333,11.0,1.0,7.0,3.0,0.8249999999999998
standard_common,hist_gradient_boosting,0.5,dhw_supply,0.5,insufficient_group_data,,,,,,,,,,,,,,
standard_common,hist_gradient_boosting,0.5,heating_common_only,0.7,best_available_no_threshold_meets_recall_fpr,0.7,26.0,16.0,10.0,0.61875,0.75,0.3,0.42857142857142855,0.0625,15.0,1.0,7.0,3.0,0.85625
standard_common,hist_gradient_boosting,0.6,dhw_return,0.6,insufficient_group_data,,,,,,,,,,,,,,
standard_common,hist_gradient_boosting,0.6,dhw_storage,0.5,best_available_no_threshold_meets_recall_fpr,0.5,61.0,34.0,27.0,0.7189542483660131,0.7894736842105263,0.5555555555555556,0.6521739130434783,0.11764705882352941,30.0,4.0,12.0,15.0,1.156862745098039
standard_common,hist_gradient_boosting,0.6,dhw_storage_return,0.6,best_available_no_threshold_meets_recall_fpr,0.6,22.0,12.0,10.0,0.6083333333333333,0.75,0.3,0.42857142857142855,0.08333333333333333,11.0,1.0,7.0,3.0,0.8249999999999998
standard_common,hist_gradient_boosting,0.6,dhw_supply,0.6,insufficient_group_data,,,,,,,,,,,,,,
standard_common,hist_gradient_boosting,0.6,heating_common_only,0.7,best_available_no_threshold_meets_recall_fpr,0.7,26.0,16.0,10.0,0.61875,0.75,0.3,0.42857142857142855,0.0625,15.0,1.0,7.0,3.0,0.85625
standard_common,lightgbm_depth3,0.4,dhw_return,0.4,insufficient_group_data,,,,,,,,,,,,,,
standard_common,lightgbm_depth3,0.4,dhw_storage,0.6,best_available_no_threshold_meets_recall_fpr,0.6,61.0,34.0,27.0,0.6748366013071896,0.6818181818181818,0.5555555555555556,0.6122448979591837,0.20588235294117646,27.0,7.0,12.0,15.0,1.0245098039215688
standard_common,lightgbm_depth3,0.4,dhw_storage_return,0.6,best_available_no_threshold_meets_recall_fpr,0.6,22.0,12.0,10.0,0.6166666666666667,0.6666666666666666,0.4,0.5,0.16666666666666666,10.0,2.0,6.0,4.0,0.85
standard_common,lightgbm_depth3,0.4,dhw_supply,0.4,insufficient_group_data,,,,,,,,,,,,,,
standard_common,lightgbm_depth3,0.4,heating_common_only,0.7,meets_group_recall_fpr,0.7,26.0,16.0,10.0,0.725,0.6363636363636364,0.7,0.6666666666666666,0.25,12.0,4.0,3.0,7.0,0.825
standard_common,lightgbm_depth3,0.5,dhw_return,0.5,insufficient_group_data,,,,,,,,,,,,,,
standard_common,lightgbm_depth3,0.5,dhw_storage,0.6,best_available_no_threshold_meets_recall_fpr,0.6,61.0,34.0,27.0,0.6748366013071896,0.6818181818181818,0.5555555555555556,0.6122448979591837,0.20588235294117646,27.0,7.0,12.0,15.0,1.0245098039215688
standard_common,lightgbm_depth3,0.5,dhw_storage_return,0.6,best_available_no_threshold_meets_recall_fpr,0.6,22.0,12.0,10.0,0.6166666666666667,0.6666666666666666,0.4,0.5,0.16666666666666666,10.0,2.0,6.0,4.0,0.85
standard_common,lightgbm_depth3,0.5,dhw_supply,0.5,insufficient_group_data,,,,,,,,,,,,,,
standard_common,lightgbm_depth3,0.5,heating_common_only,0.7,meets_group_recall_fpr,0.7,26.0,16.0,10.0,0.725,0.6363636363636364,0.7,0.6666666666666666,0.25,12.0,4.0,3.0,7.0,0.825
standard_common,lightgbm_depth3,0.6,dhw_return,0.6,insufficient_group_data,,,,,,,,,,,,,,
standard_common,lightgbm_depth3,0.6,dhw_storage,0.6,best_available_no_threshold_meets_recall_fpr,0.6,61.0,34.0,27.0,0.6748366013071896,0.6818181818181818,0.5555555555555556,0.6122448979591837,0.20588235294117646,27.0,7.0,12.0,15.0,1.0245098039215688
standard_common,lightgbm_depth3,0.6,dhw_storage_return,0.6,best_available_no_threshold_meets_recall_fpr,0.6,22.0,12.0,10.0,0.6166666666666667,0.6666666666666666,0.4,0.5,0.16666666666666666,10.0,2.0,6.0,4.0,0.85
standard_common,lightgbm_depth3,0.6,dhw_supply,0.6,insufficient_group_data,,,,,,,,,,,,,,
standard_common,lightgbm_depth3,0.6,heating_common_only,0.7,meets_group_recall_fpr,0.7,26.0,16.0,10.0,0.725,0.6363636363636364,0.7,0.6666666666666666,0.25,12.0,4.0,3.0,7.0,0.825
standard_common,logistic_balanced,0.4,dhw_return,0.4,insufficient_group_data,,,,,,,,,,,,,,
standard_common,logistic_balanced,0.4,dhw_storage,0.6,best_available_no_threshold_meets_recall_fpr,0.6,61.0,34.0,27.0,0.6007625272331154,0.6111111111111112,0.4074074074074074,0.4888888888888889,0.20588235294117646,27.0,7.0,16.0,11.0,0.8022875816993464
standard_common,logistic_balanced,0.4,dhw_storage_return,0.4,best_available_no_threshold_meets_recall_fpr,0.4,22.0,12.0,10.0,0.55,0.5,0.6,0.5454545454545454,0.5,6.0,6.0,4.0,6.0,0.6499999999999999
standard_common,logistic_balanced,0.4,dhw_supply,0.4,insufficient_group_data,,,,,,,,,,,,,,
standard_common,logistic_balanced,0.4,heating_common_only,0.4,best_available_no_threshold_meets_recall_fpr,0.4,26.0,16.0,10.0,0.5875,0.4444444444444444,0.8,0.5714285714285714,0.625,6.0,10.0,2.0,8.0,0.7625000000000002
standard_common,logistic_balanced,0.5,dhw_return,0.5,insufficient_group_data,,,,,,,,,,,,,,
standard_common,logistic_balanced,0.5,dhw_storage,0.6,best_available_no_threshold_meets_recall_fpr,0.6,61.0,34.0,27.0,0.6007625272331154,0.6111111111111112,0.4074074074074074,0.4888888888888889,0.20588235294117646,27.0,7.0,16.0,11.0,0.8022875816993464
standard_common,logistic_balanced,0.5,dhw_storage_return,0.4,best_available_no_threshold_meets_recall_fpr,0.4,22.0,12.0,10.0,0.55,0.5,0.6,0.5454545454545454,0.5,6.0,6.0,4.0,6.0,0.6499999999999999
standard_common,logistic_balanced,0.5,dhw_supply,0.5,insufficient_group_data,,,,,,,,,,,,,,
standard_common,logistic_balanced,0.5,heating_common_only,0.4,best_available_no_threshold_meets_recall_fpr,0.4,26.0,16.0,10.0,0.5875,0.4444444444444444,0.8,0.5714285714285714,0.625,6.0,10.0,2.0,8.0,0.7625000000000002
standard_common,logistic_balanced,0.6,dhw_return,0.6,insufficient_group_data,,,,,,,,,,,,,,
standard_common,logistic_balanced,0.6,dhw_storage,0.6,best_available_no_threshold_meets_recall_fpr,0.6,61.0,34.0,27.0,0.6007625272331154,0.6111111111111112,0.4074074074074074,0.4888888888888889,0.20588235294117646,27.0,7.0,16.0,11.0,0.8022875816993464
standard_common,logistic_balanced,0.6,dhw_storage_return,0.4,best_available_no_threshold_meets_recall_fpr,0.4,22.0,12.0,10.0,0.55,0.5,0.6,0.5454545454545454,0.5,6.0,6.0,4.0,6.0,0.6499999999999999
standard_common,logistic_balanced,0.6,dhw_supply,0.6,insufficient_group_data,,,,,,,,,,,,,,
standard_common,logistic_balanced,0.6,heating_common_only,0.4,best_available_no_threshold_meets_recall_fpr,0.4,26.0,16.0,10.0,0.5875,0.4444444444444444,0.8,0.5714285714285714,0.625,6.0,10.0,2.0,8.0,0.7625000000000002
standard_common,random_forest_depth3,0.4,dhw_return,0.4,insufficient_group_data,,,,,,,,,,,,,,
standard_common,random_forest_depth3,0.4,dhw_storage,0.6,best_available_no_threshold_meets_recall_fpr,0.6,61.0,34.0,27.0,0.633442265795207,0.8888888888888888,0.2962962962962963,0.4444444444444444,0.029411764705882353,33.0,1.0,19.0,8.0,0.9003267973856209
standard_common,random_forest_depth3,0.4,dhw_storage_return,0.6,best_available_no_threshold_meets_recall_fpr,0.6,22.0,12.0,10.0,0.5583333333333333,0.6666666666666666,0.2,0.3076923076923077,0.08333333333333333,11.0,1.0,8.0,2.0,0.6749999999999999
standard_common,random_forest_depth3,0.4,dhw_supply,0.4,insufficient_group_data,,,,,,,,,,,,,,
standard_common,random_forest_depth3,0.4,heating_common_only,0.6,best_available_no_threshold_meets_recall_fpr,0.6,26.0,16.0,10.0,0.7,1.0,0.4,0.5714285714285714,0.0,16.0,0.0,6.0,4.0,1.1
standard_common,random_forest_depth3,0.5,dhw_return,0.5,insufficient_group_data,,,,,,,,,,,,,,
standard_common,random_forest_depth3,0.5,dhw_storage,0.6,best_available_no_threshold_meets_recall_fpr,0.6,61.0,34.0,27.0,0.633442265795207,0.8888888888888888,0.2962962962962963,0.4444444444444444,0.029411764705882353,33.0,1.0,19.0,8.0,0.9003267973856209
standard_common,random_forest_depth3,0.5,dhw_storage_return,0.6,best_available_no_threshold_meets_recall_fpr,0.6,22.0,12.0,10.0,0.5583333333333333,0.6666666666666666,0.2,0.3076923076923077,0.08333333333333333,11.0,1.0,8.0,2.0,0.6749999999999999
standard_common,random_forest_depth3,0.5,dhw_supply,0.5,insufficient_group_data,,,,,,,,,,,,,,
standard_common,random_forest_depth3,0.5,heating_common_only,0.6,best_available_no_threshold_meets_recall_fpr,0.6,26.0,16.0,10.0,0.7,1.0,0.4,0.5714285714285714,0.0,16.0,0.0,6.0,4.0,1.1
standard_common,random_forest_depth3,0.6,dhw_return,0.6,insufficient_group_data,,,,,,,,,,,,,,
standard_common,random_forest_depth3,0.6,dhw_storage,0.6,best_available_no_threshold_meets_recall_fpr,0.6,61.0,34.0,27.0,0.633442265795207,0.8888888888888888,0.2962962962962963,0.4444444444444444,0.029411764705882353,33.0,1.0,19.0,8.0,0.9003267973856209
standard_common,random_forest_depth3,0.6,dhw_storage_return,0.6,best_available_no_threshold_meets_recall_fpr,0.6,22.0,12.0,10.0,0.5583333333333333,0.6666666666666666,0.2,0.3076923076923077,0.08333333333333333,11.0,1.0,8.0,2.0,0.6749999999999999
standard_common,random_forest_depth3,0.6,dhw_supply,0.6,insufficient_group_data,,,,,,,,,,,,,,
standard_common,random_forest_depth3,0.6,heating_common_only,0.6,best_available_no_threshold_meets_recall_fpr,0.6,26.0,16.0,10.0,0.7,1.0,0.4,0.5714285714285714,0.0,16.0,0.0,6.0,4.0,1.1
standard_common,random_forest_depth5,0.4,dhw_return,0.4,insufficient_group_data,,,,,,,,,,,,,,
standard_common,random_forest_depth5,0.4,dhw_storage,0.5,best_available_no_threshold_meets_recall_fpr,0.5,61.0,34.0,27.0,0.6748366013071896,0.6818181818181818,0.5555555555555556,0.6122448979591837,0.20588235294117646,27.0,7.0,12.0,15.0,1.0245098039215688
standard_common,random_forest_depth5,0.4,dhw_storage_return,0.6,best_available_no_threshold_meets_recall_fpr,0.6,22.0,12.0,10.0,0.5583333333333333,0.6666666666666666,0.2,0.3076923076923077,0.08333333333333333,11.0,1.0,8.0,2.0,0.6749999999999999
standard_common,random_forest_depth5,0.4,dhw_supply,0.4,insufficient_group_data,,,,,,,,,,,,,,
standard_common,random_forest_depth5,0.4,heating_common_only,0.5,best_available_no_threshold_meets_recall_fpr,0.5,26.0,16.0,10.0,0.675,0.6,0.6,0.6,0.25,12.0,4.0,4.0,6.0,1.025
standard_common,random_forest_depth5,0.5,dhw_return,0.5,insufficient_group_data,,,,,,,,,,,,,,
standard_common,random_forest_depth5,0.5,dhw_storage,0.5,best_available_no_threshold_meets_recall_fpr,0.5,61.0,34.0,27.0,0.6748366013071896,0.6818181818181818,0.5555555555555556,0.6122448979591837,0.20588235294117646,27.0,7.0,12.0,15.0,1.0245098039215688
standard_common,random_forest_depth5,0.5,dhw_storage_return,0.6,best_available_no_threshold_meets_recall_fpr,0.6,22.0,12.0,10.0,0.5583333333333333,0.6666666666666666,0.2,0.3076923076923077,0.08333333333333333,11.0,1.0,8.0,2.0,0.6749999999999999
standard_common,random_forest_depth5,0.5,dhw_supply,0.5,insufficient_group_data,,,,,,,,,,,,,,
standard_common,random_forest_depth5,0.5,heating_common_only,0.5,best_available_no_threshold_meets_recall_fpr,0.5,26.0,16.0,10.0,0.675,0.6,0.6,0.6,0.25,12.0,4.0,4.0,6.0,1.025
standard_common,random_forest_depth5,0.6,dhw_return,0.6,insufficient_group_data,,,,,,,,,,,,,,
standard_common,random_forest_depth5,0.6,dhw_storage,0.5,best_available_no_threshold_meets_recall_fpr,0.5,61.0,34.0,27.0,0.6748366013071896,0.6818181818181818,0.5555555555555556,0.6122448979591837,0.20588235294117646,27.0,7.0,12.0,15.0,1.0245098039215688
standard_common,random_forest_depth5,0.6,dhw_storage_return,0.6,best_available_no_threshold_meets_recall_fpr,0.6,22.0,12.0,10.0,0.5583333333333333,0.6666666666666666,0.2,0.3076923076923077,0.08333333333333333,11.0,1.0,8.0,2.0,0.6749999999999999
standard_common,random_forest_depth5,0.6,dhw_supply,0.6,insufficient_group_data,,,,,,,,,,,,,,
standard_common,random_forest_depth5,0.6,heating_common_only,0.5,best_available_no_threshold_meets_recall_fpr,0.5,26.0,16.0,10.0,0.675,0.6,0.6,0.6,0.25,12.0,4.0,4.0,6.0,1.025
standard_common,xgboost_depth3,0.4,dhw_return,0.4,insufficient_group_data,,,,,,,,,,,,,,
standard_common,xgboost_depth3,0.4,dhw_storage,0.6,best_available_no_threshold_meets_recall_fpr,0.6,61.0,34.0,27.0,0.6781045751633987,0.8,0.4444444444444444,0.5714285714285714,0.08823529411764706,31.0,3.0,15.0,12.0,1.0343137254901962
standard_common,xgboost_depth3,0.4,dhw_storage_return,0.4,best_available_no_threshold_meets_recall_fpr,0.4,22.0,12.0,10.0,0.6333333333333333,0.6,0.6,0.6,0.3333333333333333,8.0,4.0,4.0,6.0,0.9000000000000001
standard_common,xgboost_depth3,0.4,dhw_supply,0.4,insufficient_group_data,,,,,,,,,,,,,,
standard_common,xgboost_depth3,0.4,heating_common_only,0.6,best_available_no_threshold_meets_recall_fpr,0.6,26.0,16.0,10.0,0.71875,0.8333333333333334,0.5,0.625,0.0625,15.0,1.0,5.0,5.0,1.15625
standard_common,xgboost_depth3,0.5,dhw_return,0.5,insufficient_group_data,,,,,,,,,,,,,,
standard_common,xgboost_depth3,0.5,dhw_storage,0.6,best_available_no_threshold_meets_recall_fpr,0.6,61.0,34.0,27.0,0.6781045751633987,0.8,0.4444444444444444,0.5714285714285714,0.08823529411764706,31.0,3.0,15.0,12.0,1.0343137254901962
standard_common,xgboost_depth3,0.5,dhw_storage_return,0.4,best_available_no_threshold_meets_recall_fpr,0.4,22.0,12.0,10.0,0.6333333333333333,0.6,0.6,0.6,0.3333333333333333,8.0,4.0,4.0,6.0,0.9000000000000001
standard_common,xgboost_depth3,0.5,dhw_supply,0.5,insufficient_group_data,,,,,,,,,,,,,,
standard_common,xgboost_depth3,0.5,heating_common_only,0.6,best_available_no_threshold_meets_recall_fpr,0.6,26.0,16.0,10.0,0.71875,0.8333333333333334,0.5,0.625,0.0625,15.0,1.0,5.0,5.0,1.15625
standard_common,xgboost_depth3,0.6,dhw_return,0.6,insufficient_group_data,,,,,,,,,,,,,,
standard_common,xgboost_depth3,0.6,dhw_storage,0.6,best_available_no_threshold_meets_recall_fpr,0.6,61.0,34.0,27.0,0.6781045751633987,0.8,0.4444444444444444,0.5714285714285714,0.08823529411764706,31.0,3.0,15.0,12.0,1.0343137254901962
standard_common,xgboost_depth3,0.6,dhw_storage_return,0.4,best_available_no_threshold_meets_recall_fpr,0.4,22.0,12.0,10.0,0.6333333333333333,0.6,0.6,0.6,0.3333333333333333,8.0,4.0,4.0,6.0,0.9000000000000001
standard_common,xgboost_depth3,0.6,dhw_supply,0.6,insufficient_group_data,,,,,,,,,,,,,,
standard_common,xgboost_depth3,0.6,heating_common_only,0.6,best_available_no_threshold_meets_recall_fpr,0.6,26.0,16.0,10.0,0.71875,0.8333333333333334,0.5,0.625,0.0625,15.0,1.0,5.0,5.0,1.15625
standard_common_plus_system,dummy_most_frequent,0.4,dhw_return,0.4,insufficient_group_data,,,,,,,,,,,,,,
standard_common_plus_system,dummy_most_frequent,0.4,dhw_storage,0.3,best_available_no_threshold_meets_recall_fpr,0.3,61.0,34.0,27.0,0.5,0.0,0.0,0.0,0.0,34.0,0.0,27.0,0.0,0.5
standard_common_plus_system,dummy_most_frequent,0.4,dhw_storage_return,0.3,best_available_no_threshold_meets_recall_fpr,0.3,22.0,12.0,10.0,0.5,0.0,0.0,0.0,0.0,12.0,0.0,10.0,0.0,0.5
standard_common_plus_system,dummy_most_frequent,0.4,dhw_supply,0.4,insufficient_group_data,,,,,,,,,,,,,,
standard_common_plus_system,dummy_most_frequent,0.4,heating_common_only,0.3,best_available_no_threshold_meets_recall_fpr,0.3,26.0,16.0,10.0,0.5,0.0,0.0,0.0,0.0,16.0,0.0,10.0,0.0,0.5
standard_common_plus_system,dummy_most_frequent,0.5,dhw_return,0.5,insufficient_group_data,,,,,,,,,,,,,,
standard_common_plus_system,dummy_most_frequent,0.5,dhw_storage,0.3,best_available_no_threshold_meets_recall_fpr,0.3,61.0,34.0,27.0,0.5,0.0,0.0,0.0,0.0,34.0,0.0,27.0,0.0,0.5
standard_common_plus_system,dummy_most_frequent,0.5,dhw_storage_return,0.3,best_available_no_threshold_meets_recall_fpr,0.3,22.0,12.0,10.0,0.5,0.0,0.0,0.0,0.0,12.0,0.0,10.0,0.0,0.5
standard_common_plus_system,dummy_most_frequent,0.5,dhw_supply,0.5,insufficient_group_data,,,,,,,,,,,,,,
standard_common_plus_system,dummy_most_frequent,0.5,heating_common_only,0.3,best_available_no_threshold_meets_recall_fpr,0.3,26.0,16.0,10.0,0.5,0.0,0.0,0.0,0.0,16.0,0.0,10.0,0.0,0.5
standard_common_plus_system,dummy_most_frequent,0.6,dhw_return,0.6,insufficient_group_data,,,,,,,,,,,,,,
standard_common_plus_system,dummy_most_frequent,0.6,dhw_storage,0.3,best_available_no_threshold_meets_recall_fpr,0.3,61.0,34.0,27.0,0.5,0.0,0.0,0.0,0.0,34.0,0.0,27.0,0.0,0.5
standard_common_plus_system,dummy_most_frequent,0.6,dhw_storage_return,0.3,best_available_no_threshold_meets_recall_fpr,0.3,22.0,12.0,10.0,0.5,0.0,0.0,0.0,0.0,12.0,0.0,10.0,0.0,0.5
standard_common_plus_system,dummy_most_frequent,0.6,dhw_supply,0.6,insufficient_group_data,,,,,,,,,,,,,,
standard_common_plus_system,dummy_most_frequent,0.6,heating_common_only,0.3,best_available_no_threshold_meets_recall_fpr,0.3,26.0,16.0,10.0,0.5,0.0,0.0,0.0,0.0,16.0,0.0,10.0,0.0,0.5
standard_common_plus_system,extra_trees_depth3,0.4,dhw_return,0.4,insufficient_group_data,,,,,,,,,,,,,,
standard_common_plus_system,extra_trees_depth3,0.4,dhw_storage,0.5,best_available_no_threshold_meets_recall_fpr,0.5,61.0,34.0,27.0,0.6454248366013072,0.625,0.5555555555555556,0.5882352941176471,0.2647058823529412,25.0,9.0,12.0,15.0,0.9362745098039218
standard_common_plus_system,extra_trees_depth3,0.4,dhw_storage_return,0.4,best_available_no_threshold_meets_recall_fpr,0.4,22.0,12.0,10.0,0.5416666666666666,0.47619047619047616,1.0,0.6451612903225806,0.9166666666666666,1.0,11.0,0.0,10.0,0.6249999999999999
standard_common_plus_system,extra_trees_depth3,0.4,dhw_supply,0.4,insufficient_group_data,,,,,,,,,,,,,,
standard_common_plus_system,extra_trees_depth3,0.4,heating_common_only,0.5,best_available_no_threshold_meets_recall_fpr,0.5,26.0,16.0,10.0,0.64375,0.5454545454545454,0.6,0.5714285714285714,0.3125,11.0,5.0,4.0,6.0,0.9312499999999999
standard_common_plus_system,extra_trees_depth3,0.5,dhw_return,0.5,insufficient_group_data,,,,,,,,,,,,,,
standard_common_plus_system,extra_trees_depth3,0.5,dhw_storage,0.5,best_available_no_threshold_meets_recall_fpr,0.5,61.0,34.0,27.0,0.6454248366013072,0.625,0.5555555555555556,0.5882352941176471,0.2647058823529412,25.0,9.0,12.0,15.0,0.9362745098039218
standard_common_plus_system,extra_trees_depth3,0.5,dhw_storage_return,0.4,best_available_no_threshold_meets_recall_fpr,0.4,22.0,12.0,10.0,0.5416666666666666,0.47619047619047616,1.0,0.6451612903225806,0.9166666666666666,1.0,11.0,0.0,10.0,0.6249999999999999
standard_common_plus_system,extra_trees_depth3,0.5,dhw_supply,0.5,insufficient_group_data,,,,,,,,,,,,,,
standard_common_plus_system,extra_trees_depth3,0.5,heating_common_only,0.5,best_available_no_threshold_meets_recall_fpr,0.5,26.0,16.0,10.0,0.64375,0.5454545454545454,0.6,0.5714285714285714,0.3125,11.0,5.0,4.0,6.0,0.9312499999999999
standard_common_plus_system,extra_trees_depth3,0.6,dhw_return,0.6,insufficient_group_data,,,,,,,,,,,,,,
standard_common_plus_system,extra_trees_depth3,0.6,dhw_storage,0.5,best_available_no_threshold_meets_recall_fpr,0.5,61.0,34.0,27.0,0.6454248366013072,0.625,0.5555555555555556,0.5882352941176471,0.2647058823529412,25.0,9.0,12.0,15.0,0.9362745098039218
standard_common_plus_system,extra_trees_depth3,0.6,dhw_storage_return,0.4,best_available_no_threshold_meets_recall_fpr,0.4,22.0,12.0,10.0,0.5416666666666666,0.47619047619047616,1.0,0.6451612903225806,0.9166666666666666,1.0,11.0,0.0,10.0,0.6249999999999999
standard_common_plus_system,extra_trees_depth3,0.6,dhw_supply,0.6,insufficient_group_data,,,,,,,,,,,,,,
standard_common_plus_system,extra_trees_depth3,0.6,heating_common_only,0.5,best_available_no_threshold_meets_recall_fpr,0.5,26.0,16.0,10.0,0.64375,0.5454545454545454,0.6,0.5714285714285714,0.3125,11.0,5.0,4.0,6.0,0.9312499999999999
standard_common_plus_system,extra_trees_depth5,0.4,dhw_return,0.4,insufficient_group_data,,,,,,,,,,,,,,
standard_common_plus_system,extra_trees_depth5,0.4,dhw_storage,0.5,best_available_no_threshold_meets_recall_fpr,0.5,61.0,34.0,27.0,0.593681917211329,0.5652173913043478,0.48148148148148145,0.52,0.29411764705882354,24.0,10.0,14.0,13.0,0.7810457516339868
standard_common_plus_system,extra_trees_depth5,0.4,dhw_storage_return,0.5,best_available_no_threshold_meets_recall_fpr,0.5,22.0,12.0,10.0,0.5416666666666667,0.5,0.5,0.5,0.4166666666666667,7.0,5.0,5.0,5.0,0.625
standard_common_plus_system,extra_trees_depth5,0.4,dhw_supply,0.4,insufficient_group_data,,,,,,,,,,,,,,
standard_common_plus_system,extra_trees_depth5,0.4,heating_common_only,0.5,best_available_no_threshold_meets_recall_fpr,0.5,26.0,16.0,10.0,0.6125,0.5,0.6,0.5454545454545454,0.375,10.0,6.0,4.0,6.0,0.8374999999999999
standard_common_plus_system,extra_trees_depth5,0.5,dhw_return,0.5,insufficient_group_data,,,,,,,,,,,,,,
standard_common_plus_system,extra_trees_depth5,0.5,dhw_storage,0.5,best_available_no_threshold_meets_recall_fpr,0.5,61.0,34.0,27.0,0.593681917211329,0.5652173913043478,0.48148148148148145,0.52,0.29411764705882354,24.0,10.0,14.0,13.0,0.7810457516339868
standard_common_plus_system,extra_trees_depth5,0.5,dhw_storage_return,0.5,best_available_no_threshold_meets_recall_fpr,0.5,22.0,12.0,10.0,0.5416666666666667,0.5,0.5,0.5,0.4166666666666667,7.0,5.0,5.0,5.0,0.625
standard_common_plus_system,extra_trees_depth5,0.5,dhw_supply,0.5,insufficient_group_data,,,,,,,,,,,,,,
standard_common_plus_system,extra_trees_depth5,0.5,heating_common_only,0.5,best_available_no_threshold_meets_recall_fpr,0.5,26.0,16.0,10.0,0.6125,0.5,0.6,0.5454545454545454,0.375,10.0,6.0,4.0,6.0,0.8374999999999999
standard_common_plus_system,extra_trees_depth5,0.6,dhw_return,0.6,insufficient_group_data,,,,,,,,,,,,,,
standard_common_plus_system,extra_trees_depth5,0.6,dhw_storage,0.5,best_available_no_threshold_meets_recall_fpr,0.5,61.0,34.0,27.0,0.593681917211329,0.5652173913043478,0.48148148148148145,0.52,0.29411764705882354,24.0,10.0,14.0,13.0,0.7810457516339868
standard_common_plus_system,extra_trees_depth5,0.6,dhw_storage_return,0.5,best_available_no_threshold_meets_recall_fpr,0.5,22.0,12.0,10.0,0.5416666666666667,0.5,0.5,0.5,0.4166666666666667,7.0,5.0,5.0,5.0,0.625
standard_common_plus_system,extra_trees_depth5,0.6,dhw_supply,0.6,insufficient_group_data,,,,,,,,,,,,,,
standard_common_plus_system,extra_trees_depth5,0.6,heating_common_only,0.5,best_available_no_threshold_meets_recall_fpr,0.5,26.0,16.0,10.0,0.6125,0.5,0.6,0.5454545454545454,0.375,10.0,6.0,4.0,6.0,0.8374999999999999
standard_common_plus_system,hist_gradient_boosting,0.4,dhw_return,0.4,insufficient_group_data,,,,,,,,,,,,,,
standard_common_plus_system,hist_gradient_boosting,0.4,dhw_storage,0.6,best_available_no_threshold_meets_recall_fpr,0.6,61.0,34.0,27.0,0.6595860566448801,0.7857142857142857,0.4074074074074074,0.5365853658536586,0.08823529411764706,31.0,3.0,16.0,11.0,0.9787581699346405
standard_common_plus_system,hist_gradient_boosting,0.4,dhw_storage_return,0.6,best_available_no_threshold_meets_recall_fpr,0.6,22.0,12.0,10.0,0.6083333333333333,0.75,0.3,0.42857142857142855,0.08333333333333333,11.0,1.0,7.0,3.0,0.8249999999999998
standard_common_plus_system,hist_gradient_boosting,0.4,dhw_supply,0.4,insufficient_group_data,,,,,,,,,,,,,,
standard_common_plus_system,hist_gradient_boosting,0.4,heating_common_only,0.6,best_available_no_threshold_meets_recall_fpr,0.6,26.0,16.0,10.0,0.6375,0.6666666666666666,0.4,0.5,0.125,14.0,2.0,6.0,4.0,0.9125000000000001
standard_common_plus_system,hist_gradient_boosting,0.5,dhw_return,0.5,insufficient_group_data,,,,,,,,,,,,,,
standard_common_plus_system,hist_gradient_boosting,0.5,dhw_storage,0.6,best_available_no_threshold_meets_recall_fpr,0.6,61.0,34.0,27.0,0.6595860566448801,0.7857142857142857,0.4074074074074074,0.5365853658536586,0.08823529411764706,31.0,3.0,16.0,11.0,0.9787581699346405
standard_common_plus_system,hist_gradient_boosting,0.5,dhw_storage_return,0.6,best_available_no_threshold_meets_recall_fpr,0.6,22.0,12.0,10.0,0.6083333333333333,0.75,0.3,0.42857142857142855,0.08333333333333333,11.0,1.0,7.0,3.0,0.8249999999999998
standard_common_plus_system,hist_gradient_boosting,0.5,dhw_supply,0.5,insufficient_group_data,,,,,,,,,,,,,,
standard_common_plus_system,hist_gradient_boosting,0.5,heating_common_only,0.6,best_available_no_threshold_meets_recall_fpr,0.6,26.0,16.0,10.0,0.6375,0.6666666666666666,0.4,0.5,0.125,14.0,2.0,6.0,4.0,0.9125000000000001
standard_common_plus_system,hist_gradient_boosting,0.6,dhw_return,0.6,insufficient_group_data,,,,,,,,,,,,,,
standard_common_plus_system,hist_gradient_boosting,0.6,dhw_storage,0.6,best_available_no_threshold_meets_recall_fpr,0.6,61.0,34.0,27.0,0.6595860566448801,0.7857142857142857,0.4074074074074074,0.5365853658536586,0.08823529411764706,31.0,3.0,16.0,11.0,0.9787581699346405
standard_common_plus_system,hist_gradient_boosting,0.6,dhw_storage_return,0.6,best_available_no_threshold_meets_recall_fpr,0.6,22.0,12.0,10.0,0.6083333333333333,0.75,0.3,0.42857142857142855,0.08333333333333333,11.0,1.0,7.0,3.0,0.8249999999999998
standard_common_plus_system,hist_gradient_boosting,0.6,dhw_supply,0.6,insufficient_group_data,,,,,,,,,,,,,,
standard_common_plus_system,hist_gradient_boosting,0.6,heating_common_only,0.6,best_available_no_threshold_meets_recall_fpr,0.6,26.0,16.0,10.0,0.6375,0.6666666666666666,0.4,0.5,0.125,14.0,2.0,6.0,4.0,0.9125000000000001
standard_common_plus_system,lightgbm_depth3,0.4,dhw_return,0.4,insufficient_group_data,,,,,,,,,,,,,,
standard_common_plus_system,lightgbm_depth3,0.4,dhw_storage,0.6,best_available_no_threshold_meets_recall_fpr,0.6,61.0,34.0,27.0,0.6748366013071896,0.6818181818181818,0.5555555555555556,0.6122448979591837,0.20588235294117646,27.0,7.0,12.0,15.0,1.0245098039215688
standard_common_plus_system,lightgbm_depth3,0.4,dhw_storage_return,0.6,best_available_no_threshold_meets_recall_fpr,0.6,22.0,12.0,10.0,0.6083333333333333,0.75,0.3,0.42857142857142855,0.08333333333333333,11.0,1.0,7.0,3.0,0.8249999999999998
standard_common_plus_system,lightgbm_depth3,0.4,dhw_supply,0.4,insufficient_group_data,,,,,,,,,,,,,,
standard_common_plus_system,lightgbm_depth3,0.4,heating_common_only,0.6,best_available_no_threshold_meets_recall_fpr,0.6,26.0,16.0,10.0,0.6625,0.5384615384615384,0.7,0.6086956521739131,0.375,10.0,6.0,3.0,7.0,0.9874999999999998
standard_common_plus_system,lightgbm_depth3,0.5,dhw_return,0.5,insufficient_group_data,,,,,,,,,,,,,,
standard_common_plus_system,lightgbm_depth3,0.5,dhw_storage,0.6,best_available_no_threshold_meets_recall_fpr,0.6,61.0,34.0,27.0,0.6748366013071896,0.6818181818181818,0.5555555555555556,0.6122448979591837,0.20588235294117646,27.0,7.0,12.0,15.0,1.0245098039215688
standard_common_plus_system,lightgbm_depth3,0.5,dhw_storage_return,0.6,best_available_no_threshold_meets_recall_fpr,0.6,22.0,12.0,10.0,0.6083333333333333,0.75,0.3,0.42857142857142855,0.08333333333333333,11.0,1.0,7.0,3.0,0.8249999999999998
standard_common_plus_system,lightgbm_depth3,0.5,dhw_supply,0.5,insufficient_group_data,,,,,,,,,,,,,,
standard_common_plus_system,lightgbm_depth3,0.5,heating_common_only,0.6,best_available_no_threshold_meets_recall_fpr,0.6,26.0,16.0,10.0,0.6625,0.5384615384615384,0.7,0.6086956521739131,0.375,10.0,6.0,3.0,7.0,0.9874999999999998
standard_common_plus_system,lightgbm_depth3,0.6,dhw_return,0.6,insufficient_group_data,,,,,,,,,,,,,,
standard_common_plus_system,lightgbm_depth3,0.6,dhw_storage,0.6,best_available_no_threshold_meets_recall_fpr,0.6,61.0,34.0,27.0,0.6748366013071896,0.6818181818181818,0.5555555555555556,0.6122448979591837,0.20588235294117646,27.0,7.0,12.0,15.0,1.0245098039215688
standard_common_plus_system,lightgbm_depth3,0.6,dhw_storage_return,0.6,best_available_no_threshold_meets_recall_fpr,0.6,22.0,12.0,10.0,0.6083333333333333,0.75,0.3,0.42857142857142855,0.08333333333333333,11.0,1.0,7.0,3.0,0.8249999999999998
standard_common_plus_system,lightgbm_depth3,0.6,dhw_supply,0.6,insufficient_group_data,,,,,,,,,,,,,,
standard_common_plus_system,lightgbm_depth3,0.6,heating_common_only,0.6,best_available_no_threshold_meets_recall_fpr,0.6,26.0,16.0,10.0,0.6625,0.5384615384615384,0.7,0.6086956521739131,0.375,10.0,6.0,3.0,7.0,0.9874999999999998
standard_common_plus_system,logistic_balanced,0.4,dhw_return,0.4,insufficient_group_data,,,,,,,,,,,,,,
standard_common_plus_system,logistic_balanced,0.4,dhw_storage,0.7,best_available_no_threshold_meets_recall_fpr,0.7,61.0,34.0,27.0,0.6154684095860566,0.6470588235294118,0.4074074074074074,0.5,0.17647058823529413,28.0,6.0,16.0,11.0,0.8464052287581698
standard_common_plus_system,logistic_balanced,0.4,dhw_storage_return,0.7,best_available_no_threshold_meets_recall_fpr,0.7,22.0,12.0,10.0,0.5333333333333333,0.5,0.4,0.4444444444444444,0.3333333333333333,8.0,4.0,6.0,4.0,0.6000000000000001
standard_common_plus_system,logistic_balanced,0.4,dhw_supply,0.4,insufficient_group_data,,,,,,,,,,,,,,
standard_common_plus_system,logistic_balanced,0.4,heating_common_only,0.5,best_available_no_threshold_meets_recall_fpr,0.5,26.0,16.0,10.0,0.625,0.5555555555555556,0.5,0.5263157894736842,0.25,12.0,4.0,5.0,5.0,0.875
standard_common_plus_system,logistic_balanced,0.5,dhw_return,0.5,insufficient_group_data,,,,,,,,,,,,,,
standard_common_plus_system,logistic_balanced,0.5,dhw_storage,0.7,best_available_no_threshold_meets_recall_fpr,0.7,61.0,34.0,27.0,0.6154684095860566,0.6470588235294118,0.4074074074074074,0.5,0.17647058823529413,28.0,6.0,16.0,11.0,0.8464052287581698
standard_common_plus_system,logistic_balanced,0.5,dhw_storage_return,0.7,best_available_no_threshold_meets_recall_fpr,0.7,22.0,12.0,10.0,0.5333333333333333,0.5,0.4,0.4444444444444444,0.3333333333333333,8.0,4.0,6.0,4.0,0.6000000000000001
standard_common_plus_system,logistic_balanced,0.5,dhw_supply,0.5,insufficient_group_data,,,,,,,,,,,,,,
standard_common_plus_system,logistic_balanced,0.5,heating_common_only,0.5,best_available_no_threshold_meets_recall_fpr,0.5,26.0,16.0,10.0,0.625,0.5555555555555556,0.5,0.5263157894736842,0.25,12.0,4.0,5.0,5.0,0.875
standard_common_plus_system,logistic_balanced,0.6,dhw_return,0.6,insufficient_group_data,,,,,,,,,,,,,,
standard_common_plus_system,logistic_balanced,0.6,dhw_storage,0.7,best_available_no_threshold_meets_recall_fpr,0.7,61.0,34.0,27.0,0.6154684095860566,0.6470588235294118,0.4074074074074074,0.5,0.17647058823529413,28.0,6.0,16.0,11.0,0.8464052287581698
standard_common_plus_system,logistic_balanced,0.6,dhw_storage_return,0.7,best_available_no_threshold_meets_recall_fpr,0.7,22.0,12.0,10.0,0.5333333333333333,0.5,0.4,0.4444444444444444,0.3333333333333333,8.0,4.0,6.0,4.0,0.6000000000000001
standard_common_plus_system,logistic_balanced,0.6,dhw_supply,0.6,insufficient_group_data,,,,,,,,,,,,,,
standard_common_plus_system,logistic_balanced,0.6,heating_common_only,0.5,best_available_no_threshold_meets_recall_fpr,0.5,26.0,16.0,10.0,0.625,0.5555555555555556,0.5,0.5263157894736842,0.25,12.0,4.0,5.0,5.0,0.875
standard_common_plus_system,random_forest_depth3,0.4,dhw_return,0.4,insufficient_group_data,,,,,,,,,,,,,,
standard_common_plus_system,random_forest_depth3,0.4,dhw_storage,0.5,best_available_no_threshold_meets_recall_fpr,0.5,61.0,34.0,27.0,0.6269063180827887,0.6086956521739131,0.5185185185185185,0.56,0.2647058823529412,25.0,9.0,13.0,14.0,0.880718954248366
standard_common_plus_system,random_forest_depth3,0.4,dhw_storage_return,0.6,best_available_no_threshold_meets_recall_fpr,0.6,22.0,12.0,10.0,0.5583333333333333,0.6666666666666666,0.2,0.3076923076923077,0.08333333333333333,11.0,1.0,8.0,2.0,0.6749999999999999
standard_common_plus_system,random_forest_depth3,0.4,dhw_supply,0.4,insufficient_group_data,,,,,,,,,,,,,,
standard_common_plus_system,random_forest_depth3,0.4,heating_common_only,0.6,best_available_no_threshold_meets_recall_fpr,0.6,26.0,16.0,10.0,0.7,1.0,0.4,0.5714285714285714,0.0,16.0,0.0,6.0,4.0,1.1
standard_common_plus_system,random_forest_depth3,0.5,dhw_return,0.5,insufficient_group_data,,,,,,,,,,,,,,
standard_common_plus_system,random_forest_depth3,0.5,dhw_storage,0.5,best_available_no_threshold_meets_recall_fpr,0.5,61.0,34.0,27.0,0.6269063180827887,0.6086956521739131,0.5185185185185185,0.56,0.2647058823529412,25.0,9.0,13.0,14.0,0.880718954248366
standard_common_plus_system,random_forest_depth3,0.5,dhw_storage_return,0.6,best_available_no_threshold_meets_recall_fpr,0.6,22.0,12.0,10.0,0.5583333333333333,0.6666666666666666,0.2,0.3076923076923077,0.08333333333333333,11.0,1.0,8.0,2.0,0.6749999999999999
standard_common_plus_system,random_forest_depth3,0.5,dhw_supply,0.5,insufficient_group_data,,,,,,,,,,,,,,
standard_common_plus_system,random_forest_depth3,0.5,heating_common_only,0.6,best_available_no_threshold_meets_recall_fpr,0.6,26.0,16.0,10.0,0.7,1.0,0.4,0.5714285714285714,0.0,16.0,0.0,6.0,4.0,1.1
standard_common_plus_system,random_forest_depth3,0.6,dhw_return,0.6,insufficient_group_data,,,,,,,,,,,,,,
standard_common_plus_system,random_forest_depth3,0.6,dhw_storage,0.5,best_available_no_threshold_meets_recall_fpr,0.5,61.0,34.0,27.0,0.6269063180827887,0.6086956521739131,0.5185185185185185,0.56,0.2647058823529412,25.0,9.0,13.0,14.0,0.880718954248366
standard_common_plus_system,random_forest_depth3,0.6,dhw_storage_return,0.6,best_available_no_threshold_meets_recall_fpr,0.6,22.0,12.0,10.0,0.5583333333333333,0.6666666666666666,0.2,0.3076923076923077,0.08333333333333333,11.0,1.0,8.0,2.0,0.6749999999999999
standard_common_plus_system,random_forest_depth3,0.6,dhw_supply,0.6,insufficient_group_data,,,,,,,,,,,,,,
standard_common_plus_system,random_forest_depth3,0.6,heating_common_only,0.6,best_available_no_threshold_meets_recall_fpr,0.6,26.0,16.0,10.0,0.7,1.0,0.4,0.5714285714285714,0.0,16.0,0.0,6.0,4.0,1.1
standard_common_plus_system,random_forest_depth5,0.4,dhw_return,0.4,insufficient_group_data,,,,,,,,,,,,,,
standard_common_plus_system,random_forest_depth5,0.4,dhw_storage,0.6,best_available_no_threshold_meets_recall_fpr,0.6,61.0,34.0,27.0,0.6519607843137255,0.9,0.3333333333333333,0.4864864864864865,0.029411764705882353,33.0,1.0,18.0,9.0,0.9558823529411765
standard_common_plus_system,random_forest_depth5,0.4,dhw_storage_return,0.6,best_available_no_threshold_meets_recall_fpr,0.6,22.0,12.0,10.0,0.5583333333333333,0.6666666666666666,0.2,0.3076923076923077,0.08333333333333333,11.0,1.0,8.0,2.0,0.6749999999999999
standard_common_plus_system,random_forest_depth5,0.4,dhw_supply,0.4,insufficient_group_data,,,,,,,,,,,,,,
standard_common_plus_system,random_forest_depth5,0.4,heating_common_only,0.6,best_available_no_threshold_meets_recall_fpr,0.6,26.0,16.0,10.0,0.6375,0.6666666666666666,0.4,0.5,0.125,14.0,2.0,6.0,4.0,0.9125000000000001
standard_common_plus_system,random_forest_depth5,0.5,dhw_return,0.5,insufficient_group_data,,,,,,,,,,,,,,
standard_common_plus_system,random_forest_depth5,0.5,dhw_storage,0.6,best_available_no_threshold_meets_recall_fpr,0.6,61.0,34.0,27.0,0.6519607843137255,0.9,0.3333333333333333,0.4864864864864865,0.029411764705882353,33.0,1.0,18.0,9.0,0.9558823529411765
standard_common_plus_system,random_forest_depth5,0.5,dhw_storage_return,0.6,best_available_no_threshold_meets_recall_fpr,0.6,22.0,12.0,10.0,0.5583333333333333,0.6666666666666666,0.2,0.3076923076923077,0.08333333333333333,11.0,1.0,8.0,2.0,0.6749999999999999
standard_common_plus_system,random_forest_depth5,0.5,dhw_supply,0.5,insufficient_group_data,,,,,,,,,,,,,,
standard_common_plus_system,random_forest_depth5,0.5,heating_common_only,0.6,best_available_no_threshold_meets_recall_fpr,0.6,26.0,16.0,10.0,0.6375,0.6666666666666666,0.4,0.5,0.125,14.0,2.0,6.0,4.0,0.9125000000000001
standard_common_plus_system,random_forest_depth5,0.6,dhw_return,0.6,insufficient_group_data,,,,,,,,,,,,,,
standard_common_plus_system,random_forest_depth5,0.6,dhw_storage,0.6,best_available_no_threshold_meets_recall_fpr,0.6,61.0,34.0,27.0,0.6519607843137255,0.9,0.3333333333333333,0.4864864864864865,0.029411764705882353,33.0,1.0,18.0,9.0,0.9558823529411765
standard_common_plus_system,random_forest_depth5,0.6,dhw_storage_return,0.6,best_available_no_threshold_meets_recall_fpr,0.6,22.0,12.0,10.0,0.5583333333333333,0.6666666666666666,0.2,0.3076923076923077,0.08333333333333333,11.0,1.0,8.0,2.0,0.6749999999999999
standard_common_plus_system,random_forest_depth5,0.6,dhw_supply,0.6,insufficient_group_data,,,,,,,,,,,,,,
standard_common_plus_system,random_forest_depth5,0.6,heating_common_only,0.6,best_available_no_threshold_meets_recall_fpr,0.6,26.0,16.0,10.0,0.6375,0.6666666666666666,0.4,0.5,0.125,14.0,2.0,6.0,4.0,0.9125000000000001
standard_common_plus_system,xgboost_depth3,0.4,dhw_return,0.4,insufficient_group_data,,,,,,,,,,,,,,
standard_common_plus_system,xgboost_depth3,0.4,dhw_storage,0.6,best_available_no_threshold_meets_recall_fpr,0.6,61.0,34.0,27.0,0.6781045751633987,0.8,0.4444444444444444,0.5714285714285714,0.08823529411764706,31.0,3.0,15.0,12.0,1.0343137254901962
standard_common_plus_system,xgboost_depth3,0.4,dhw_storage_return,0.5,best_available_no_threshold_meets_recall_fpr,0.5,22.0,12.0,10.0,0.6166666666666667,0.6666666666666666,0.4,0.5,0.16666666666666666,10.0,2.0,6.0,4.0,0.85
standard_common_plus_system,xgboost_depth3,0.4,dhw_supply,0.4,insufficient_group_data,,,,,,,,,,,,,,
standard_common_plus_system,xgboost_depth3,0.4,heating_common_only,0.7,best_available_no_threshold_meets_recall_fpr,0.7,26.0,16.0,10.0,0.7,1.0,0.4,0.5714285714285714,0.0,16.0,0.0,6.0,4.0,1.1
standard_common_plus_system,xgboost_depth3,0.5,dhw_return,0.5,insufficient_group_data,,,,,,,,,,,,,,
standard_common_plus_system,xgboost_depth3,0.5,dhw_storage,0.6,best_available_no_threshold_meets_recall_fpr,0.6,61.0,34.0,27.0,0.6781045751633987,0.8,0.4444444444444444,0.5714285714285714,0.08823529411764706,31.0,3.0,15.0,12.0,1.0343137254901962
standard_common_plus_system,xgboost_depth3,0.5,dhw_storage_return,0.5,best_available_no_threshold_meets_recall_fpr,0.5,22.0,12.0,10.0,0.6166666666666667,0.6666666666666666,0.4,0.5,0.16666666666666666,10.0,2.0,6.0,4.0,0.85
standard_common_plus_system,xgboost_depth3,0.5,dhw_supply,0.5,insufficient_group_data,,,,,,,,,,,,,,
standard_common_plus_system,xgboost_depth3,0.5,heating_common_only,0.7,best_available_no_threshold_meets_recall_fpr,0.7,26.0,16.0,10.0,0.7,1.0,0.4,0.5714285714285714,0.0,16.0,0.0,6.0,4.0,1.1
standard_common_plus_system,xgboost_depth3,0.6,dhw_return,0.6,insufficient_group_data,,,,,,,,,,,,,,
standard_common_plus_system,xgboost_depth3,0.6,dhw_storage,0.6,best_available_no_threshold_meets_recall_fpr,0.6,61.0,34.0,27.0,0.6781045751633987,0.8,0.4444444444444444,0.5714285714285714,0.08823529411764706,31.0,3.0,15.0,12.0,1.0343137254901962
standard_common_plus_system,xgboost_depth3,0.6,dhw_storage_return,0.5,best_available_no_threshold_meets_recall_fpr,0.5,22.0,12.0,10.0,0.6166666666666667,0.6666666666666666,0.4,0.5,0.16666666666666666,10.0,2.0,6.0,4.0,0.85
standard_common_plus_system,xgboost_depth3,0.6,dhw_supply,0.6,insufficient_group_data,,,,,,,,,,,,,,
standard_common_plus_system,xgboost_depth3,0.6,heating_common_only,0.7,best_available_no_threshold_meets_recall_fpr,0.7,26.0,16.0,10.0,0.7,1.0,0.4,0.5714285714285714,0.0,16.0,0.0,6.0,4.0,1.1
standard_optional_dhw,dummy_most_frequent,0.4,dhw_return,0.4,insufficient_group_data,,,,,,,,,,,,,,
standard_optional_dhw,dummy_most_frequent,0.4,dhw_storage,0.3,best_available_no_threshold_meets_recall_fpr,0.3,61.0,34.0,27.0,0.5,0.0,0.0,0.0,0.0,34.0,0.0,27.0,0.0,0.5
standard_optional_dhw,dummy_most_frequent,0.4,dhw_storage_return,0.3,best_available_no_threshold_meets_recall_fpr,0.3,22.0,12.0,10.0,0.5,0.0,0.0,0.0,0.0,12.0,0.0,10.0,0.0,0.5
standard_optional_dhw,dummy_most_frequent,0.4,dhw_supply,0.4,insufficient_group_data,,,,,,,,,,,,,,
standard_optional_dhw,dummy_most_frequent,0.5,dhw_return,0.5,insufficient_group_data,,,,,,,,,,,,,,
standard_optional_dhw,dummy_most_frequent,0.5,dhw_storage,0.3,best_available_no_threshold_meets_recall_fpr,0.3,61.0,34.0,27.0,0.5,0.0,0.0,0.0,0.0,34.0,0.0,27.0,0.0,0.5
standard_optional_dhw,dummy_most_frequent,0.5,dhw_storage_return,0.3,best_available_no_threshold_meets_recall_fpr,0.3,22.0,12.0,10.0,0.5,0.0,0.0,0.0,0.0,12.0,0.0,10.0,0.0,0.5
standard_optional_dhw,dummy_most_frequent,0.5,dhw_supply,0.5,insufficient_group_data,,,,,,,,,,,,,,
standard_optional_dhw,dummy_most_frequent,0.6,dhw_return,0.6,insufficient_group_data,,,,,,,,,,,,,,
standard_optional_dhw,dummy_most_frequent,0.6,dhw_storage,0.3,best_available_no_threshold_meets_recall_fpr,0.3,61.0,34.0,27.0,0.5,0.0,0.0,0.0,0.0,34.0,0.0,27.0,0.0,0.5
standard_optional_dhw,dummy_most_frequent,0.6,dhw_storage_return,0.3,best_available_no_threshold_meets_recall_fpr,0.3,22.0,12.0,10.0,0.5,0.0,0.0,0.0,0.0,12.0,0.0,10.0,0.0,0.5
standard_optional_dhw,dummy_most_frequent,0.6,dhw_supply,0.6,insufficient_group_data,,,,,,,,,,,,,,
standard_optional_dhw,extra_trees_depth3,0.4,dhw_return,0.4,insufficient_group_data,,,,,,,,,,,,,,
standard_optional_dhw,extra_trees_depth3,0.4,dhw_storage,0.5,best_available_no_threshold_meets_recall_fpr,0.5,61.0,34.0,27.0,0.5419389978213508,0.5,0.4074074074074074,0.4489795918367347,0.3235294117647059,23.0,11.0,16.0,11.0,0.6258169934640523
standard_optional_dhw,extra_trees_depth3,0.4,dhw_storage_return,0.5,best_available_no_threshold_meets_recall_fpr,0.5,22.0,12.0,10.0,0.6333333333333333,0.6,0.6,0.6,0.3333333333333333,8.0,4.0,4.0,6.0,0.9000000000000001
standard_optional_dhw,extra_trees_depth3,0.4,dhw_supply,0.4,insufficient_group_data,,,,,,,,,,,,,,
standard_optional_dhw,extra_trees_depth3,0.5,dhw_return,0.5,insufficient_group_data,,,,,,,,,,,,,,
standard_optional_dhw,extra_trees_depth3,0.5,dhw_storage,0.5,best_available_no_threshold_meets_recall_fpr,0.5,61.0,34.0,27.0,0.5419389978213508,0.5,0.4074074074074074,0.4489795918367347,0.3235294117647059,23.0,11.0,16.0,11.0,0.6258169934640523
standard_optional_dhw,extra_trees_depth3,0.5,dhw_storage_return,0.5,best_available_no_threshold_meets_recall_fpr,0.5,22.0,12.0,10.0,0.6333333333333333,0.6,0.6,0.6,0.3333333333333333,8.0,4.0,4.0,6.0,0.9000000000000001
standard_optional_dhw,extra_trees_depth3,0.5,dhw_supply,0.5,insufficient_group_data,,,,,,,,,,,,,,
standard_optional_dhw,extra_trees_depth3,0.6,dhw_return,0.6,insufficient_group_data,,,,,,,,,,,,,,
standard_optional_dhw,extra_trees_depth3,0.6,dhw_storage,0.5,best_available_no_threshold_meets_recall_fpr,0.5,61.0,34.0,27.0,0.5419389978213508,0.5,0.4074074074074074,0.4489795918367347,0.3235294117647059,23.0,11.0,16.0,11.0,0.6258169934640523
standard_optional_dhw,extra_trees_depth3,0.6,dhw_storage_return,0.5,best_available_no_threshold_meets_recall_fpr,0.5,22.0,12.0,10.0,0.6333333333333333,0.6,0.6,0.6,0.3333333333333333,8.0,4.0,4.0,6.0,0.9000000000000001
standard_optional_dhw,extra_trees_depth3,0.6,dhw_supply,0.6,insufficient_group_data,,,,,,,,,,,,,,
standard_optional_dhw,extra_trees_depth5,0.4,dhw_return,0.4,insufficient_group_data,,,,,,,,,,,,,,
standard_optional_dhw,extra_trees_depth5,0.4,dhw_storage,0.6,best_available_no_threshold_meets_recall_fpr,0.6,61.0,34.0,27.0,0.5925925925925926,1.0,0.18518518518518517,0.3125,0.0,34.0,0.0,22.0,5.0,0.7777777777777777
standard_optional_dhw,extra_trees_depth5,0.4,dhw_storage_return,0.5,best_available_no_threshold_meets_recall_fpr,0.5,22.0,12.0,10.0,0.675,0.6666666666666666,0.6,0.631578947368421,0.25,9.0,3.0,4.0,6.0,1.025
standard_optional_dhw,extra_trees_depth5,0.4,dhw_supply,0.4,insufficient_group_data,,,,,,,,,,,,,,
standard_optional_dhw,extra_trees_depth5,0.5,dhw_return,0.5,insufficient_group_data,,,,,,,,,,,,,,
standard_optional_dhw,extra_trees_depth5,0.5,dhw_storage,0.6,best_available_no_threshold_meets_recall_fpr,0.6,61.0,34.0,27.0,0.5925925925925926,1.0,0.18518518518518517,0.3125,0.0,34.0,0.0,22.0,5.0,0.7777777777777777
standard_optional_dhw,extra_trees_depth5,0.5,dhw_storage_return,0.5,best_available_no_threshold_meets_recall_fpr,0.5,22.0,12.0,10.0,0.675,0.6666666666666666,0.6,0.631578947368421,0.25,9.0,3.0,4.0,6.0,1.025
standard_optional_dhw,extra_trees_depth5,0.5,dhw_supply,0.5,insufficient_group_data,,,,,,,,,,,,,,
standard_optional_dhw,extra_trees_depth5,0.6,dhw_return,0.6,insufficient_group_data,,,,,,,,,,,,,,
standard_optional_dhw,extra_trees_depth5,0.6,dhw_storage,0.6,best_available_no_threshold_meets_recall_fpr,0.6,61.0,34.0,27.0,0.5925925925925926,1.0,0.18518518518518517,0.3125,0.0,34.0,0.0,22.0,5.0,0.7777777777777777
standard_optional_dhw,extra_trees_depth5,0.6,dhw_storage_return,0.5,best_available_no_threshold_meets_recall_fpr,0.5,22.0,12.0,10.0,0.675,0.6666666666666666,0.6,0.631578947368421,0.25,9.0,3.0,4.0,6.0,1.025
standard_optional_dhw,extra_trees_depth5,0.6,dhw_supply,0.6,insufficient_group_data,,,,,,,,,,,,,,
standard_optional_dhw,hist_gradient_boosting,0.4,dhw_return,0.4,insufficient_group_data,,,,,,,,,,,,,,
standard_optional_dhw,hist_gradient_boosting,0.4,dhw_storage,0.5,best_available_no_threshold_meets_recall_fpr,0.5,61.0,34.0,27.0,0.6045751633986928,0.6,0.4444444444444444,0.5106382978723404,0.23529411764705882,26.0,8.0,15.0,12.0,0.8137254901960782
standard_optional_dhw,hist_gradient_boosting,0.4,dhw_storage_return,0.5,best_available_no_threshold_meets_recall_fpr,0.5,22.0,12.0,10.0,0.5916666666666667,0.5454545454545454,0.6,0.5714285714285714,0.4166666666666667,7.0,5.0,4.0,6.0,0.7749999999999999
standard_optional_dhw,hist_gradient_boosting,0.4,dhw_supply,0.4,insufficient_group_data,,,,,,,,,,,,,,
standard_optional_dhw,hist_gradient_boosting,0.5,dhw_return,0.5,insufficient_group_data,,,,,,,,,,,,,,
standard_optional_dhw,hist_gradient_boosting,0.5,dhw_storage,0.5,best_available_no_threshold_meets_recall_fpr,0.5,61.0,34.0,27.0,0.6045751633986928,0.6,0.4444444444444444,0.5106382978723404,0.23529411764705882,26.0,8.0,15.0,12.0,0.8137254901960782
standard_optional_dhw,hist_gradient_boosting,0.5,dhw_storage_return,0.5,best_available_no_threshold_meets_recall_fpr,0.5,22.0,12.0,10.0,0.5916666666666667,0.5454545454545454,0.6,0.5714285714285714,0.4166666666666667,7.0,5.0,4.0,6.0,0.7749999999999999
standard_optional_dhw,hist_gradient_boosting,0.5,dhw_supply,0.5,insufficient_group_data,,,,,,,,,,,,,,
standard_optional_dhw,hist_gradient_boosting,0.6,dhw_return,0.6,insufficient_group_data,,,,,,,,,,,,,,
standard_optional_dhw,hist_gradient_boosting,0.6,dhw_storage,0.5,best_available_no_threshold_meets_recall_fpr,0.5,61.0,34.0,27.0,0.6045751633986928,0.6,0.4444444444444444,0.5106382978723404,0.23529411764705882,26.0,8.0,15.0,12.0,0.8137254901960782
standard_optional_dhw,hist_gradient_boosting,0.6,dhw_storage_return,0.5,best_available_no_threshold_meets_recall_fpr,0.5,22.0,12.0,10.0,0.5916666666666667,0.5454545454545454,0.6,0.5714285714285714,0.4166666666666667,7.0,5.0,4.0,6.0,0.7749999999999999
standard_optional_dhw,hist_gradient_boosting,0.6,dhw_supply,0.6,insufficient_group_data,,,,,,,,,,,,,,
standard_optional_dhw,lightgbm_depth3,0.4,dhw_return,0.4,insufficient_group_data,,,,,,,,,,,,,,
standard_optional_dhw,lightgbm_depth3,0.4,dhw_storage,0.6,best_available_no_threshold_meets_recall_fpr,0.6,61.0,34.0,27.0,0.5822440087145969,0.5882352941176471,0.37037037037037035,0.45454545454545453,0.20588235294117646,27.0,7.0,17.0,10.0,0.7467320261437909
standard_optional_dhw,lightgbm_depth3,0.4,dhw_storage_return,0.7,best_available_no_threshold_meets_recall_fpr,0.7,22.0,12.0,10.0,0.7083333333333333,0.8333333333333334,0.5,0.625,0.08333333333333333,11.0,1.0,5.0,5.0,1.125
standard_optional_dhw,lightgbm_depth3,0.4,dhw_supply,0.4,insufficient_group_data,,,,,,,,,,,,,,
standard_optional_dhw,lightgbm_depth3,0.5,dhw_return,0.5,insufficient_group_data,,,,,,,,,,,,,,
standard_optional_dhw,lightgbm_depth3,0.5,dhw_storage,0.6,best_available_no_threshold_meets_recall_fpr,0.6,61.0,34.0,27.0,0.5822440087145969,0.5882352941176471,0.37037037037037035,0.45454545454545453,0.20588235294117646,27.0,7.0,17.0,10.0,0.7467320261437909
standard_optional_dhw,lightgbm_depth3,0.5,dhw_storage_return,0.7,best_available_no_threshold_meets_recall_fpr,0.7,22.0,12.0,10.0,0.7083333333333333,0.8333333333333334,0.5,0.625,0.08333333333333333,11.0,1.0,5.0,5.0,1.125
standard_optional_dhw,lightgbm_depth3,0.5,dhw_supply,0.5,insufficient_group_data,,,,,,,,,,,,,,
standard_optional_dhw,lightgbm_depth3,0.6,dhw_return,0.6,insufficient_group_data,,,,,,,,,,,,,,
standard_optional_dhw,lightgbm_depth3,0.6,dhw_storage,0.6,best_available_no_threshold_meets_recall_fpr,0.6,61.0,34.0,27.0,0.5822440087145969,0.5882352941176471,0.37037037037037035,0.45454545454545453,0.20588235294117646,27.0,7.0,17.0,10.0,0.7467320261437909
standard_optional_dhw,lightgbm_depth3,0.6,dhw_storage_return,0.7,best_available_no_threshold_meets_recall_fpr,0.7,22.0,12.0,10.0,0.7083333333333333,0.8333333333333334,0.5,0.625,0.08333333333333333,11.0,1.0,5.0,5.0,1.125
standard_optional_dhw,lightgbm_depth3,0.6,dhw_supply,0.6,insufficient_group_data,,,,,,,,,,,,,,
standard_optional_dhw,logistic_balanced,0.4,dhw_return,0.4,insufficient_group_data,,,,,,,,,,,,,,
standard_optional_dhw,logistic_balanced,0.4,dhw_storage,0.5,best_available_no_threshold_meets_recall_fpr,0.5,61.0,34.0,27.0,0.6900871459694989,0.6333333333333333,0.7037037037037037,0.6666666666666666,0.3235294117647059,23.0,11.0,8.0,19.0,1.0702614379084967
standard_optional_dhw,logistic_balanced,0.4,dhw_storage_return,0.3,best_available_no_threshold_meets_recall_fpr,0.3,22.0,12.0,10.0,0.7583333333333333,0.8571428571428571,0.6,0.7058823529411765,0.08333333333333333,11.0,1.0,4.0,6.0,1.2750000000000001
standard_optional_dhw,logistic_balanced,0.4,dhw_supply,0.4,insufficient_group_data,,,,,,,,,,,,,,
standard_optional_dhw,logistic_balanced,0.5,dhw_return,0.5,insufficient_group_data,,,,,,,,,,,,,,
standard_optional_dhw,logistic_balanced,0.5,dhw_storage,0.5,best_available_no_threshold_meets_recall_fpr,0.5,61.0,34.0,27.0,0.6900871459694989,0.6333333333333333,0.7037037037037037,0.6666666666666666,0.3235294117647059,23.0,11.0,8.0,19.0,1.0702614379084967
standard_optional_dhw,logistic_balanced,0.5,dhw_storage_return,0.3,best_available_no_threshold_meets_recall_fpr,0.3,22.0,12.0,10.0,0.7583333333333333,0.8571428571428571,0.6,0.7058823529411765,0.08333333333333333,11.0,1.0,4.0,6.0,1.2750000000000001
standard_optional_dhw,logistic_balanced,0.5,dhw_supply,0.5,insufficient_group_data,,,,,,,,,,,,,,
standard_optional_dhw,logistic_balanced,0.6,dhw_return,0.6,insufficient_group_data,,,,,,,,,,,,,,
standard_optional_dhw,logistic_balanced,0.6,dhw_storage,0.5,best_available_no_threshold_meets_recall_fpr,0.5,61.0,34.0,27.0,0.6900871459694989,0.6333333333333333,0.7037037037037037,0.6666666666666666,0.3235294117647059,23.0,11.0,8.0,19.0,1.0702614379084967
standard_optional_dhw,logistic_balanced,0.6,dhw_storage_return,0.3,best_available_no_threshold_meets_recall_fpr,0.3,22.0,12.0,10.0,0.7583333333333333,0.8571428571428571,0.6,0.7058823529411765,0.08333333333333333,11.0,1.0,4.0,6.0,1.2750000000000001
standard_optional_dhw,logistic_balanced,0.6,dhw_supply,0.6,insufficient_group_data,,,,,,,,,,,,,,
standard_optional_dhw,random_forest_depth3,0.4,dhw_return,0.4,insufficient_group_data,,,,,,,,,,,,,,
standard_optional_dhw,random_forest_depth3,0.4,dhw_storage,0.6,best_available_no_threshold_meets_recall_fpr,0.6,61.0,34.0,27.0,0.6040305010893245,0.7272727272727273,0.2962962962962963,0.42105263157894735,0.08823529411764706,31.0,3.0,19.0,8.0,0.8120915032679737
standard_optional_dhw,random_forest_depth3,0.4,dhw_storage_return,0.4,best_available_no_threshold_meets_recall_fpr,0.4,22.0,12.0,10.0,0.7083333333333334,0.5882352941176471,1.0,0.7407407407407407,0.5833333333333334,5.0,7.0,0.0,10.0,1.125
standard_optional_dhw,random_forest_depth3,0.4,dhw_supply,0.4,insufficient_group_data,,,,,,,,,,,,,,
standard_optional_dhw,random_forest_depth3,0.5,dhw_return,0.5,insufficient_group_data,,,,,,,,,,,,,,
standard_optional_dhw,random_forest_depth3,0.5,dhw_storage,0.6,best_available_no_threshold_meets_recall_fpr,0.6,61.0,34.0,27.0,0.6040305010893245,0.7272727272727273,0.2962962962962963,0.42105263157894735,0.08823529411764706,31.0,3.0,19.0,8.0,0.8120915032679737
standard_optional_dhw,random_forest_depth3,0.5,dhw_storage_return,0.4,best_available_no_threshold_meets_recall_fpr,0.4,22.0,12.0,10.0,0.7083333333333334,0.5882352941176471,1.0,0.7407407407407407,0.5833333333333334,5.0,7.0,0.0,10.0,1.125
standard_optional_dhw,random_forest_depth3,0.5,dhw_supply,0.5,insufficient_group_data,,,,,,,,,,,,,,
standard_optional_dhw,random_forest_depth3,0.6,dhw_return,0.6,insufficient_group_data,,,,,,,,,,,,,,
standard_optional_dhw,random_forest_depth3,0.6,dhw_storage,0.6,best_available_no_threshold_meets_recall_fpr,0.6,61.0,34.0,27.0,0.6040305010893245,0.7272727272727273,0.2962962962962963,0.42105263157894735,0.08823529411764706,31.0,3.0,19.0,8.0,0.8120915032679737
standard_optional_dhw,random_forest_depth3,0.6,dhw_storage_return,0.4,best_available_no_threshold_meets_recall_fpr,0.4,22.0,12.0,10.0,0.7083333333333334,0.5882352941176471,1.0,0.7407407407407407,0.5833333333333334,5.0,7.0,0.0,10.0,1.125
standard_optional_dhw,random_forest_depth3,0.6,dhw_supply,0.6,insufficient_group_data,,,,,,,,,,,,,,
standard_optional_dhw,random_forest_depth5,0.4,dhw_return,0.4,insufficient_group_data,,,,,,,,,,,,,,
standard_optional_dhw,random_forest_depth5,0.4,dhw_storage,0.6,best_available_no_threshold_meets_recall_fpr,0.6,61.0,34.0,27.0,0.6187363834422658,0.8,0.2962962962962963,0.43243243243243246,0.058823529411764705,32.0,2.0,19.0,8.0,0.8562091503267973
standard_optional_dhw,random_forest_depth5,0.4,dhw_storage_return,0.4,best_available_no_threshold_meets_recall_fpr,0.4,22.0,12.0,10.0,0.6583333333333333,0.5625,0.9,0.6923076923076923,0.5833333333333334,5.0,7.0,1.0,9.0,0.975
standard_optional_dhw,random_forest_depth5,0.4,dhw_supply,0.4,insufficient_group_data,,,,,,,,,,,,,,
standard_optional_dhw,random_forest_depth5,0.5,dhw_return,0.5,insufficient_group_data,,,,,,,,,,,,,,
standard_optional_dhw,random_forest_depth5,0.5,dhw_storage,0.6,best_available_no_threshold_meets_recall_fpr,0.6,61.0,34.0,27.0,0.6187363834422658,0.8,0.2962962962962963,0.43243243243243246,0.058823529411764705,32.0,2.0,19.0,8.0,0.8562091503267973
standard_optional_dhw,random_forest_depth5,0.5,dhw_storage_return,0.4,best_available_no_threshold_meets_recall_fpr,0.4,22.0,12.0,10.0,0.6583333333333333,0.5625,0.9,0.6923076923076923,0.5833333333333334,5.0,7.0,1.0,9.0,0.975
standard_optional_dhw,random_forest_depth5,0.5,dhw_supply,0.5,insufficient_group_data,,,,,,,,,,,,,,
standard_optional_dhw,random_forest_depth5,0.6,dhw_return,0.6,insufficient_group_data,,,,,,,,,,,,,,
standard_optional_dhw,random_forest_depth5,0.6,dhw_storage,0.6,best_available_no_threshold_meets_recall_fpr,0.6,61.0,34.0,27.0,0.6187363834422658,0.8,0.2962962962962963,0.43243243243243246,0.058823529411764705,32.0,2.0,19.0,8.0,0.8562091503267973
standard_optional_dhw,random_forest_depth5,0.6,dhw_storage_return,0.4,best_available_no_threshold_meets_recall_fpr,0.4,22.0,12.0,10.0,0.6583333333333333,0.5625,0.9,0.6923076923076923,0.5833333333333334,5.0,7.0,1.0,9.0,0.975
standard_optional_dhw,random_forest_depth5,0.6,dhw_supply,0.6,insufficient_group_data,,,,,,,,,,,,,,
standard_optional_dhw,xgboost_depth3,0.4,dhw_return,0.4,insufficient_group_data,,,,,,,,,,,,,,
standard_optional_dhw,xgboost_depth3,0.4,dhw_storage,0.4,best_available_no_threshold_meets_recall_fpr,0.4,61.0,34.0,27.0,0.5904139433551199,0.5333333333333333,0.5925925925925926,0.5614035087719298,0.4117647058823529,20.0,14.0,11.0,16.0,0.7712418300653595
standard_optional_dhw,xgboost_depth3,0.4,dhw_storage_return,0.7,best_available_no_threshold_meets_recall_fpr,0.7,22.0,12.0,10.0,0.5666666666666667,0.6,0.3,0.4,0.16666666666666666,10.0,2.0,7.0,3.0,0.7000000000000001
standard_optional_dhw,xgboost_depth3,0.4,dhw_supply,0.4,insufficient_group_data,,,,,,,,,,,,,,
standard_optional_dhw,xgboost_depth3,0.5,dhw_return,0.5,insufficient_group_data,,,,,,,,,,,,,,
standard_optional_dhw,xgboost_depth3,0.5,dhw_storage,0.4,best_available_no_threshold_meets_recall_fpr,0.4,61.0,34.0,27.0,0.5904139433551199,0.5333333333333333,0.5925925925925926,0.5614035087719298,0.4117647058823529,20.0,14.0,11.0,16.0,0.7712418300653595
standard_optional_dhw,xgboost_depth3,0.5,dhw_storage_return,0.7,best_available_no_threshold_meets_recall_fpr,0.7,22.0,12.0,10.0,0.5666666666666667,0.6,0.3,0.4,0.16666666666666666,10.0,2.0,7.0,3.0,0.7000000000000001
standard_optional_dhw,xgboost_depth3,0.5,dhw_supply,0.5,insufficient_group_data,,,,,,,,,,,,,,
standard_optional_dhw,xgboost_depth3,0.6,dhw_return,0.6,insufficient_group_data,,,,,,,,,,,,,,
standard_optional_dhw,xgboost_depth3,0.6,dhw_storage,0.4,best_available_no_threshold_meets_recall_fpr,0.4,61.0,34.0,27.0,0.5904139433551199,0.5333333333333333,0.5925925925925926,0.5614035087719298,0.4117647058823529,20.0,14.0,11.0,16.0,0.7712418300653595
standard_optional_dhw,xgboost_depth3,0.6,dhw_storage_return,0.7,best_available_no_threshold_meets_recall_fpr,0.7,22.0,12.0,10.0,0.5666666666666667,0.6,0.3,0.4,0.16666666666666666,10.0,2.0,7.0,3.0,0.7000000000000001
standard_optional_dhw,xgboost_depth3,0.6,dhw_supply,0.6,insufficient_group_data,,,,,,,,,,,,,,
